unique id,product name,product type
20260915_101206-001,Black curved stovepipe elbows,Stovepipe fitting
20260915_101206-002,"White curved stovepipe elbows, larger apparent group",Stovepipe fitting
20260915_101206-003,"White curved stovepipe elbows, smaller apparent group",Stovepipe fitting
20260915_101206-004,Large pale gray square tapered planters with recessed handle detail,Plant pot
20260915_101206-005,Stacked white rectangular trays or planter saucers (uncertain),Planter accessory
20260915_101206-006,White square tapered planters,Plant pot
20260915_101206-007,Terracotta-colored square tapered planters,Plant pot
20260915_101206-008,Dark green square tapered planters,Plant pot
20260915_101206-009,"Terracotta-colored rectangular planters, partly obscured",Planter
20260915_101206-010,"Black rectangular planters, partly obscured (uncertain)",Planter
20260915_101206-011,"Long dark rectangular planter trays, partly obscured (uncertain)",Planter accessory
20260915_101206-012,Black cylindrical straight pipe sections,Stovepipe
20260915_101206-013,White cylindrical straight pipe sections,Stovepipe
20260915_101206-014,Large round dark wire chimney-cleaning brushes,Cleaning brush
20260915_101206-015,Small gold-colored cylindrical wire cleaning brushes,Cleaning brush
20260915_101206-016,Tall gold-colored cylindrical wire cleaning brushes,Cleaning brush
20260915_101206-017,Dark round funnel-shaped pieces (uncertain),Funnel or planter accessory
20260915_101206-018,White round funnel-shaped pieces (uncertain),Funnel or planter accessory
20260915_101206-019,"Slim dark metal rods, partly obscured (uncertain purpose)",Metal rod
20260915_101210-001,Black curved stovepipe elbows,Stovepipe fitting
20260915_101210-002,"White curved stovepipe elbows, larger apparent group",Stovepipe fitting
20260915_101210-003,"White curved stovepipe elbows, smaller apparent group",Stovepipe fitting
20260915_101210-004,Stacked white rectangular trays or planter saucers (uncertain),Planter accessory
20260915_101210-005,White square tapered planters,Plant pot
20260915_101210-006,Terracotta-colored square tapered planters,Plant pot
20260915_101210-007,Dark green square tapered planters,Plant pot
20260915_101210-008,Terracotta-colored rectangular planters,Planter
20260915_101210-009,Large round dark wire chimney-cleaning brushes,Cleaning brush
20260915_101210-010,Small gold-colored cylindrical wire cleaning brushes,Cleaning brush
20260915_101210-011,Tall gold-colored cylindrical wire cleaning brushes,Cleaning brush
20260915_101210-012,Nested black round perforated baskets or strainers (uncertain),Basket or strainer
20260915_101210-013,White urn-shaped pedestal flower vases,Flower vase
20260915_101210-014,Gold-colored urn-shaped pedestal flower vases,Flower vase
20260915_101210-015,White slender flared pedestal flower vases,Flower vase
20260915_101210-016,"White tapered flower-vase inserts, shorter apparent group",Flower vase insert
20260915_101210-017,"White tapered flower-vase inserts, taller apparent group",Flower vase insert
20260915_101210-018,Black fluted pedestal flower vases,Flower vase
20260915_101210-019,Stacked white circular planter saucers,Plant saucer
20260915_101210-020,Clear flexible tubing coil,Flexible tubing
20260915_101210-021,"Long narrow transparent tubes with fittings, partly visible (uncertain purpose)",Tube assembly
20260915_101210-022,Large dark green protective-cased demijohns with blue caps,Demijohn
20260915_101210-023,White curved elongated flower vases lying sideways (uncertain design),Flower vase
20260915_101210-024,Black wire rectangular planter holders,Planter holder
20260915_101212-001,White square tapered planters,Plant pot
20260915_101212-002,Terracotta-colored square tapered planters,Plant pot
20260915_101212-003,Dark green square tapered planters,Plant pot
20260915_101212-004,Terracotta-colored rectangular planters,Planter
20260915_101212-005,White urn-shaped pedestal flower vases,Flower vase
20260915_101212-006,Gold-colored urn-shaped pedestal flower vases,Flower vase
20260915_101212-007,White slender flared pedestal flower vases,Flower vase
20260915_101212-008,"White tapered flower-vase inserts, shorter apparent group",Flower vase insert
20260915_101212-009,"White tapered flower-vase inserts, taller apparent group",Flower vase insert
20260915_101212-010,White curved elongated flower vases lying sideways (uncertain design),Flower vase
20260915_101212-011,Gold-colored curved elongated flower vases lying sideways (uncertain design),Flower vase
20260915_101212-012,Black fluted pedestal flower vases,Flower vase
20260915_101212-013,Stacked white circular planter saucers,Plant saucer
20260915_101212-014,Clear flexible tubing coil,Flexible tubing
20260915_101212-015,Long narrow transparent tubes with fittings (uncertain purpose),Tube assembly
20260915_101212-016,Nested black round perforated baskets or strainers,Basket or strainer (uncertain)
20260915_101212-017,Tall gold-colored cylindrical wire cleaning brushes,Cleaning brush
20260915_101212-018,Large dark green protective-cased demijohns with blue caps,Demijohn
20260915_101212-019,Smaller dark green protective-cased demijohn with pale cap,Demijohn
20260915_101212-020,"Dark cylindrical open containers, partly obscured (uncertain)",Container
20260915_101212-021,Black wire rectangular planter holders,Planter holder
20260915_101212-022,Long slender black rods or stakes (uncertain purpose),Rod or stake
20260915_101214-001,White pedestal flower vase with flared rim,Flower vase
20260915_101214-002,Gold-colored pedestal flower vase,Flower vase
20260915_101214-003,White tapered ground-spike flower vase,Grave flower vase
20260915_101214-004,Black ribbed pedestal flower vase,Flower vase
20260915_101214-005,"Clear flexible tubing, coiled",Hose / tubing
20260915_101214-006,Clear rigid tubes with end fittings (exact use uncertain),Tube / dispensing accessory
20260915_101214-007,Rectangular wire planter holders,Planter support
20260915_101214-008,Long dark metal stake with bent end (use uncertain),Metal garden support
20260915_101214-009,"Terracotta-colored round flowerpots, larger visible group",Flowerpot
20260915_101214-010,"Terracotta-colored round flowerpots, smaller visible group",Flowerpot
20260915_101214-011,Terracotta-colored rectangular planter trays (partly obscured),Planter tray
20260915_101214-012,Dark rectangular planter trays (partly obscured),Planter tray
20260915_101214-013,Black round nursery pot,Flowerpot
20260915_101214-014,"Yellow watering can, partly visible",Watering can
20260915_101214-015,"Dark basket-covered demijohn, large apparent size",Demijohn
20260915_101214-016,"Dark basket-covered demijohn, medium apparent size",Demijohn
20260915_101214-017,"Dark basket-covered demijohn, small apparent size",Demijohn
20260915_101214-018,"Dark perforated demijohn basket covers, stacked",Demijohn accessory
20260915_101214-019,Long-wire cleaning brush with broad gold-colored bristle head,Chimney / flue cleaning brush (probable)
20260915_101214-020,Long-wire cleaning brush with elongated gold-colored bristle head,Chimney / flue cleaning brush (probable)
20260915_101214-021,Coiled-wire cylindrical cleaning head (exact use uncertain),Cleaning brush / head
20260915_101214-022,"White-bristled long-wire cleaning brush, partly visible",Cleaning brush
20260915_101217-001,Black adjustable metal window-box brackets,Planter bracket
20260915_101217-002,White adjustable metal window-box brackets,Planter bracket
20260915_101217-003,Brown rectangular window box,Window-box planter
20260915_101217-004,White smooth tapered ground-spike flower vase,Grave flower vase
20260915_101217-005,White fluted flower vase with wide flared rim,Flower vase
20260915_101217-006,White rounded fluted flower container (exact form uncertain),Flower container
20260915_101217-007,Bronze-colored tapered ground-spike flower vase,Grave flower vase
20260915_101217-008,Bronze-colored short wide-rimmed flower container,Flower container
20260915_101217-009,"Dark green tapered flower vase, partly obscured",Flower vase
20260915_101217-010,Black ribbed pedestal flower vase,Flower vase
20260915_101217-011,Rectangular wire planter holders,Planter support
20260915_101217-012,Long dark metal stake with bent end (use uncertain),Metal garden support
20260915_101217-013,"Black round nursery pot, partly visible",Flowerpot
20260915_101219-001,Terracotta-colored rectangular window box,Window-box planter
20260915_101219-002,White rectangular window box,Window-box planter
20260915_101219-003,Taupe rectangular window box,Window-box planter
20260915_101219-004,"Dark rectangular window box, partly visible",Window-box planter
20260915_101219-005,White tall smooth tapered flower vase,Flower vase
20260915_101219-006,White shallow round flower-container base / bowl (exact use uncertain),Flower container accessory
20260915_101219-007,Gray smooth tapered flower vase,Flower vase
20260915_101219-008,Bronze-colored smooth tapered flower vase,Flower vase
20260915_101219-009,"Black ribbed pedestal flower vase, partly visible",Flower vase
20260915_101219-010,"Bronze-colored ribbed pedestal flower vase, partly visible",Flower vase
20260915_101219-011,White fluted ground-spike flower vase,Grave flower vase
20260915_101219-012,White smooth ground-spike flower vase,Grave flower vase
20260915_101219-013,Bronze-colored ground-spike flower vase,Grave flower vase
20260915_101219-014,Bronze-colored short wide-rimmed flower container,Flower container
20260915_101219-015,Black adjustable metal window-box brackets,Planter bracket
20260915_101219-016,White adjustable metal window-box brackets,Planter bracket
20260915_101219-017,Brown adjustable metal window-box brackets,Planter bracket
20260915_101219-018,Wooden hanging bird feeder with pitched roof,Bird feeder
20260915_101219-019,Broad round looped-wire cleaning heads,Chimney / flue cleaning head (probable)
20260915_101219-020,Narrow cylindrical looped-wire cleaning heads,Chimney / flue cleaning head (probable)
20260915_101219-021,Gold-colored round bristle cleaning heads,Chimney / flue cleaning head (probable)
20260915_101219-022,Dark round bristle cleaning heads,Chimney / flue cleaning head (probable)
20260915_101219-023,Coiled metal wire or cleaning rods at right (identification uncertain),Wire / cleaning accessory
20260915_101223-001,"DRABEST folding aluminum household stepladder, shorter version",Stepladder
20260915_101223-002,"DRABEST folding aluminum household stepladder, medium-height version",Stepladder
20260915_101223-003,"DRABEST folding aluminum household stepladder, taller version",Stepladder
20260915_101223-004,"Terracotta-colored rectangular planter saucer, smaller apparent size",Planter saucer
20260915_101223-005,"Dark gray rectangular planter saucer, smaller apparent size",Planter saucer
20260915_101223-006,"Taupe rectangular planter saucer, smaller apparent size",Planter saucer
20260915_101223-007,"Terracotta-colored rectangular planter saucer, larger apparent size",Planter saucer
20260915_101223-008,"Dark gray rectangular planter saucer, larger apparent size",Planter saucer
20260915_101223-009,"Taupe rectangular planter saucer, larger apparent size",Planter saucer
20260915_101223-010,Dark gray deep rectangular planter,Planter
20260915_101223-011,Terracotta-colored deep rectangular planter,Planter
20260915_101223-012,Taupe deep rectangular planter,Planter
20260915_101223-013,Natural-colored cane plant-support hoops,Plant support
20260915_101223-014,Glass demijohn with dark green protective basket and blue cap,Demijohn
20260915_101223-015,"Long black wrapped rolls, contents uncertain",Unidentified rolled garden material
20260915_101227-001,"Terracotta-colored rectangular planter saucer, smaller apparent size",Planter saucer
20260915_101227-002,"Dark gray rectangular planter saucer, smaller apparent size",Planter saucer
20260915_101227-003,"Taupe rectangular planter saucer, smaller apparent size",Planter saucer
20260915_101227-004,"Terracotta-colored rectangular planter saucer, larger apparent size",Planter saucer
20260915_101227-005,"Dark gray rectangular planter saucer, larger apparent size",Planter saucer
20260915_101227-006,"Taupe rectangular planter saucer, larger apparent size",Planter saucer
20260915_101227-007,"Terracotta-colored deep rectangular planter, smaller apparent size",Planter
20260915_101227-008,"Dark gray deep rectangular planter, smaller apparent size",Planter
20260915_101227-009,"Taupe deep rectangular planter, smaller apparent size",Planter
20260915_101227-010,"Terracotta-colored deep rectangular planter, larger apparent size",Planter
20260915_101227-011,"Dark gray deep rectangular planter, larger apparent size",Planter
20260915_101227-012,"Taupe deep rectangular planter, larger apparent size",Planter
20260915_101227-013,White round tapered flowerpot,Flowerpot
20260915_101227-014,Terracotta-colored round tapered flowerpot,Flowerpot
20260915_101227-015,Black round tapered flowerpot,Flowerpot
20260915_101227-016,Natural-colored cane plant-support hoops,Plant support
20260915_101227-017,DRABEST folding aluminum household stepladder,Stepladder
20260915_101227-018,"Tall straight aluminum ladder, partly visible",Ladder
20260915_101227-019,"Dark blue and gray vertically ribbed round planter, partly obscured",Planter
20260915_101227-020,"Yellow poles with dark tips, intended use uncertain",Unidentified garden poles
20260915_101233-001,Terracotta-colored square planter saucer,Planter saucer
20260915_101233-002,Dark gray square planter saucer,Planter saucer
20260915_101233-003,Taupe square planter saucer,Planter saucer
20260915_101233-004,Terracotta-colored round planter saucer,Planter saucer
20260915_101233-005,Dark gray round planter saucer,Planter saucer
20260915_101233-006,Taupe round planter saucer,Planter saucer
20260915_101233-007,Terracotta-colored tapered square planter,Planter
20260915_101233-008,Dark gray tapered square planter,Planter
20260915_101233-009,Taupe tapered square planter,Planter
20260915_101233-010,White deep round flowerpot,Flowerpot
20260915_101233-011,Terracotta-colored deep round flowerpot,Flowerpot
20260915_101233-012,Dark gray deep round flowerpot,Flowerpot
20260915_101233-013,Taupe deep round flowerpot,Flowerpot
20260915_101233-014,White vertically ribbed round flowerpot,Flowerpot
20260915_101233-015,Dark blue vertically ribbed round flowerpot,Flowerpot
20260915_101233-016,Dark green vertically ribbed round flowerpot,Flowerpot
20260915_101233-017,Light gray vertically ribbed round flowerpot,Flowerpot
20260915_101233-018,White rectangular planter,Planter
20260915_101233-019,White tapered square planter,Planter
20260915_101233-020,White small round tapered flowerpot,Flowerpot
20260915_101233-021,Terracotta-colored small round tapered flowerpot,Flowerpot
20260915_101233-022,Dark gray small round tapered flowerpot,Flowerpot
20260915_101233-023,"White and dark plastic elbow/connector fittings, exact application uncertain",Pipe fitting
20260915_101233-024,"White plastic scoops, exact application uncertain",Scoop
20260915_101233-025,Metal wire plant-pot holder basket,Plant-pot holder
20260915_101233-026,Glass demijohn in dark green protective basket,Demijohn
20260915_101233-027,Silver-colored square-grid wire mesh roll,Wire mesh
20260915_101233-028,Silver-colored hexagonal wire netting roll,Wire netting
20260915_101233-029,"Dark green domed fittings, possibly watering-can roses (uncertain)",Unidentified garden fitting
20260915_101233-030,"Black domed fittings, possibly watering-can roses (uncertain)",Unidentified garden fitting
20260915_101236-001,"Terracotta-colored round planter saucer, smaller apparent diameter",Planter saucer
20260915_101236-002,"Dark gray round planter saucer, smaller apparent diameter",Planter saucer
20260915_101236-003,"Taupe round planter saucer, smaller apparent diameter",Planter saucer
20260915_101236-004,"Terracotta-colored round planter saucer, medium apparent diameter",Planter saucer
20260915_101236-005,"Dark gray round planter saucer, medium apparent diameter",Planter saucer
20260915_101236-006,"Taupe round planter saucer, medium apparent diameter",Planter saucer
20260915_101236-007,"Terracotta-colored round planter saucer, larger apparent diameter",Planter saucer
20260915_101236-008,"Dark gray round planter saucer, larger apparent diameter",Planter saucer
20260915_101236-009,"Taupe round planter saucer, larger apparent diameter",Planter saucer
20260915_101236-010,"White round tapered flowerpot, smaller apparent size",Flowerpot
20260915_101236-011,"White round tapered flowerpot, larger apparent size",Flowerpot
20260915_101236-012,"White vertically ribbed round flowerpot, partly visible",Flowerpot
20260915_101236-013,"Dark blue vertically ribbed round flowerpot, partly visible",Flowerpot
20260915_101236-014,"Dark green vertically ribbed round flowerpot, partly visible",Flowerpot
20260915_101236-015,"Light gray vertically ribbed round flowerpot, partly visible",Flowerpot
20260915_101236-016,"Silver-colored square-grid wire mesh roll, taller version",Wire mesh
20260915_101236-017,Silver-colored hexagonal wire netting roll,Wire netting
20260915_101236-018,"Silver-colored fine square-grid wire mesh roll, shorter version",Wire mesh
20260915_101236-019,Green coated square-grid garden mesh roll,Garden mesh
20260915_101236-020,"Dark green domed fittings, possibly watering-can roses (uncertain)",Unidentified garden fitting
20260915_101236-021,"Black domed fittings, possibly watering-can roses (uncertain)",Unidentified garden fitting
20260915_101236-022,"Dark metal plant-pot support frames, partly visible",Plant-pot holder
20260915_101236-023,"Dark gray square planter saucers, partly visible",Planter saucer
20260915_101236-024,"Taupe square planter saucers, partly visible",Planter saucer
