unique_id,termék neve,leírás,termék típusa
20260915_101614-069,Koaxiális antenna csatlakozó,Televíziós vagy rádiós koaxiális kábel csatlakoztatásához használható szerelvény. Antennakábelek javításához és kiépítéséhez alkalmas.,Antenna csatlakozó
20260915_101614-006,Kanlux SUZI HR-60 csíptetős asztali lámpa,"Rugalmas nyakú, csíptetős lámpa íróasztalhoz, polchoz vagy éjjeliszekrényhez. E27-es, legfeljebb 60 W-os cserélhető fényforrással használható.",Asztali lámpa
20260915_101112-019,"Antracit ágmintás, áttört kaspó – kisebb bal hátsó változat, részben takarásban",,Dekoratív kaspó
20260915_101109-009,"Antracit ágmintás, áttört kaspó – nagy méret",,Dekoratív kaspó
20260915_101117-025,"Fehér magas, kúpos kaspó",,Dekoratív kaspó
20260915_101109-001,"Fehér ágmintás, áttört kaspó – kis méret",,Dekoratív kaspó
20260915_101112-012,"Fehér ágmintás, áttört kaspó – közepes méret, a bal-középső rakásban",,Dekoratív kaspó
20260915_101112-013,"Fehér ágmintás, áttört kaspó – nagy méret",,Dekoratív kaspó
20260915_101112-018,"Krém ágmintás, áttört kaspó – bal hátsó rakás, a méret bizonytalan",,Dekoratív kaspó
20260915_101109-002,"Krém ágmintás, áttört kaspó – kis méret",,Dekoratív kaspó
20260915_101109-006,"Krém ágmintás, áttört kaspó – nagy méret",,Dekoratív kaspó
20260915_101109-003,"Szürkés olívazöld ágmintás, áttört kaspó – kis méret",,Dekoratív kaspó
20260915_101109-007,"Szürkés olívazöld ágmintás, áttört kaspó – nagy méret",,Dekoratív kaspó
20260915_101109-004,"Szürkésbarna ágmintás, áttört kaspó – kis méret",,Dekoratív kaspó
20260915_101109-008,"Szürkésbarna ágmintás, áttört kaspó – nagy méret",,Dekoratív kaspó
20260915_101117-026,"Áttetsző sötétzöld magas, kúpos kaspó",,Dekoratív kaspó
20260915_101614-037,Süllyesztett földelt dugaljbetét,Falba süllyesztett kivitelű hálózati csatlakozóaljzat védőérintkezővel. Lakások és irodák szabványos villanyszerelvénye.,Dugaljbetét
20260915_101614-052,Fehér földelt dugvilla,Hálózati vezeték végére szerelhető védőérintkezős csatlakozódugó. Háztartási készülékek és hosszabbítók javításához vagy elkészítéséhez használható.,Dugvilla
20260915_101614-053,Fekete földelt dugvilla,"Földelt elektromos csatlakozódugó fekete kivitelben. Kábelek, gépek és hosszabbítók szereléséhez alkalmas.",Dugvilla
20260915_101614-033,Felületre szerelhető dupla dugalj,"Két készülék csatlakoztatását lehetővé tevő falon kívüli aljzat. Praktikus megoldás műhelyekben, tárolókban és mellékhelyiségekben.",Dupla dugalj
20260915_101614-036,Süllyesztett dupla kapcsolóbetét,Két külön világítási kör működtetésére alkalmas süllyesztett kapcsolómechanizmus. A megfelelő szerelvénykerettel és fedlappal építhető be.,Dupla kapcsolóbetét
20260915_101614-031,Felületre szerelhető dupla kapcsoló,"Két külön világítási kör vezérlésére alkalmas falon kívüli kapcsoló. Műhelyben, pincében és melléképületben is praktikus megoldás lehet.",Dupla villanykapcsoló
20260915_101614-025,E14 LED gyertyaizzó 5 W,"Keskeny, gyertya formájú LED fényforrás kis menetes foglalathoz. Csillárokhoz és kisebb búrájú lámpákhoz alkalmas.",E14 LED gyertyaizzó
20260915_101614-027,XQ-lite E14 LED izzó,"Kis menetes foglalathoz használható kompakt LED fényforrás. Éjjeli lámpákhoz, falikarokhoz és kisebb lámpatestekhez praktikus.",E14 LED izzó
20260915_101614-058,Fehér E14 műanyag lámpafoglalat,"Kis menetes E14 fényforrásokhoz használható kompakt foglalat. Kisebb asztali, fali és dekorlámpák szereléséhez alkalmas.",E14 lámpafoglalat
20260915_101614-015,"Commel E27 LED izzó 10,5 W",Közepes-nagy fényerejű LED izzó mindennapi otthoni világításhoz. A szabványos E27 foglalatba egyszerűen behelyezhető.,E27 LED izzó
20260915_101614-014,"Commel E27 LED izzó 12,5 W","Energiatakarékos LED fényforrás szabványos E27 foglalathoz. Jó választás mennyezeti, függesztett és állólámpákba.",E27 LED izzó
20260915_101614-013,"Commel E27 LED izzó 15,2 W","Nagy fényerejű, hagyományos E27 foglalatba csavarható LED fényforrás. Általános beltéri világításhoz és nagyobb fényigényű helyiségekhez ajánlható.",E27 LED izzó
20260915_101614-016,"Commel E27 LED izzó 7,5 W","Általános célú, alacsony fogyasztású LED fényforrás. Szobák, előterek és kisebb helyiségek lámpatesteiben használható.",E27 LED izzó
20260915_101614-026,XQ-lite E27 LED izzó,Szabványos nagy menetes foglalathoz készült LED fényforrás. Általános lakásvilágításhoz használható alacsony energiafogyasztással.,E27 LED izzó
20260915_101614-056,Fehér E27 műanyag lámpafoglalat,Nagy menetes E27 fényforrások fogadására szolgáló műanyag foglalat. Lámpák javításához vagy egyedi világítás kialakításához használható.,E27 lámpafoglalat
20260915_101614-057,Fekete E27 műanyag lámpafoglalat,"E27-es izzókhoz való fekete műanyag foglalat. Függesztékekhez, műhelylámpákhoz és javítási munkákhoz praktikus.",E27 lámpafoglalat
20260915_101047-006,Bézs texturált futószőnyeg – jobb felső tekercs,,Futószőnyeg / szőnyeg
20260915_101047-007,Geometriai mintás futószőnyeg – jobb felül részben látható,,Futószőnyeg / szőnyeg
20260915_101047-001,Piros-bézs csíkos futószőnyeg,,Futószőnyeg / szőnyeg
20260915_101047-002,Szürke melírozott futószőnyeg,,Futószőnyeg / szőnyeg
20260915_101047-004,Sötétszürke texturált futószőnyeg,,Futószőnyeg / szőnyeg
20260915_101047-005,Többszínű csíkos szövött futószőnyeg,,Futószőnyeg / szőnyeg
20260915_101047-003,Világosszürke finom mintás futószőnyeg,,Futószőnyeg / szőnyeg
20260915_101614-040,Forgógombos fényerő-szabályozó,A kompatibilis fényforrások fényerejének fokozatmentes beállítására szolgáló szerelvény. A forgógombbal a kívánt fényerő kényelmesen szabályozható.,Fényerő-szabályozó
20260915_101614-032,Felületre szerelhető földelt dugalj,"Falra szerelhető hálózati csatlakozóaljzat földelt készülékekhez. Olyan helyeken használható, ahol falon kívüli szerelés szükséges.",Földelt dugalj
20260915_101614-079,Agro-Largo Gyors Kelés fűmagkeverék 1 kg,Gyors kezdeti fejlődésre összeállított fűmagkeverék új gyep telepítéséhez vagy ritkult területek felülvetéséhez. A doboz jelölése szerint 1 kg körülbelül 35 négyzetméterre elegendő.,Fűmagkeverék
20260915_101614-078,Agro-Largo Happy Kids Selymes fűmagkeverék 1 kg,"Finom szálú, selymes tapintású gyep kialakításához összeállított fűmagkeverék. Egy kilogramm körülbelül 30–35 négyzetméter bevetésére elegendő.",Fűmagkeverék
20260915_101614-024,G9 halogén kapszulaizzó,"Kompakt, tüskés csatlakozású halogén fényforrás kisebb lámpatestekhez. Erős, közvetlen fényt ad kis méret mellett.",G9 halogén izzó
20260915_101614-022,Commel GU5.3 LED spotizzó,"Kéttüskés GU5.3 foglalathoz készült, irányított fényű LED spot. Mennyezeti és bútorvilágító lámpatestekben használható.",GU5.3 LED spotizzó
20260915_101106-001,Dunlop olívazöld magas gumicsizma,,Gumicsizma
20260915_101106-002,Fekete magas gumicsizma – bal oldalon részben takarásban,,Gumicsizma
20260915_101109-035,Olívazöld magas gumicsizma – bal oldalon részben látható,,Gumicsizma
20260915_101614-063,Karos gyorscsatlakozó,Több elektromos vezeték gyors és rendezett összekapcsolására alkalmas karos csatlakozó. Szereléskor a kötés könnyen nyitható és ellenőrizhető.,Gyorscsatlakozó
20260915_101051-009,Fehér gyümölcsszedő fej gyűjtőzsákkal,,Gyümölcsszedő
20260915_101614-023,E14 28 W halogén gyertyaizzó,"Átlátszó, gyertya formájú halogén fényforrás kis menetes E14 foglalathoz. Csillárokban és dekoratív lámpákban használható.",Halogén gyertyaizzó
20260915_101614-074,Fehér hálózati hosszabbító,"Feltekert, fehér kábelű hosszabbító a csatlakozási távolság megnöveléséhez. Háztartási és irodai készülékekhez használható a névleges terhelés betartásával.",Hosszabbító kábel
20260915_101614-075,Fekete hálózati hosszabbító,Fekete kábelű hosszabbító elektromos készülékek távolabbi aljzatról történő működtetéséhez. Műhelyben és háztartásban is használható.,Hosszabbító kábel
20260915_101614-072,Háromaljzatos kapcsolós elosztó,Három hálózati készülék csatlakoztatására alkalmas fehér elosztó közös főkapcsolóval. Otthoni és irodai használatra praktikus.,Hálózati elosztó
20260915_101614-073,Ötaljzatos kapcsolós elosztó,Több elektromos készülék egyidejű csatlakoztatását biztosító elosztó. A világító főkapcsolóval az összes aljzat egyszerre áramtalanítható.,Hálózati elosztó
20260915_101100-012,Sötét keskeny háromszög alakú kapa fa nyéllel,,Kapa
20260915_101100-013,Sötét lekerekített pengéjű kapa fa nyéllel,,Kapa
20260915_101100-011,Sötét széles háromszög alakú kapa fa nyéllel,,Kapa
20260915_101100-014,Sötét téglalap alakú pengéjű kapa fa nyéllel,,Kapa
20260915_101100-015,Zöld hegyes háromszög alakú kapa fa nyéllel,,Kapa
20260915_101100-017,Zöld kengyelkapa fa nyéllel,,Kapa
20260915_101100-018,Zöld kis ívelt pengéjű kapa fa nyéllel,,Kapa
20260915_101100-016,Zöld téglalap alakú pengéjű kapa fa nyéllel,,Kapa
20260915_101614-051,Energiatakarékos kapcsolóaljzat,A csatlakoztatott készülék áramellátásának egyszerű megszakítására használható adapter. Segíthet csökkenteni a készenléti fogyasztást.,Kapcsolható aljzatadapter
20260915_101614-035,Süllyesztett egypólusú kapcsolóbetét,Falba süllyesztett szerelvénydobozba építhető kapcsolómechanizmus. Egy világítási kör kézi kapcsolására szolgál.,Kapcsolóbetét
20260915_101051-012,"Kis természetes sörtéjű, fa hátlapos kefe",,Kefe / seprűfej
20260915_101051-008,Fekete fém kerti gereblye egyenes fogakkal,,Kerti gereblye
20260915_101051-007,Fekete keskeny drótfogú gereblye – jobb oldalon,,Kerti gereblye
20260915_101051-006,"Fekete széles, legyező alakú lombseprű",,Kerti gereblye
20260915_101051-001,Limezöld műanyag lombseprű,,Kerti gereblye
20260915_101051-004,Narancssárga műanyag lombseprű ívelt fogakkal,,Kerti gereblye
20260915_101051-002,"Narancssárga, hosszúkás műanyag legyezőgereblye",,Kerti gereblye
20260915_101100-020,Piros műanyag egyenes fogú gereblyefej – bal alsó részen,,Kerti gereblye
20260915_101100-021,Piros műanyag legyezőgereblye-fej – bal alsó részen,,Kerti gereblye
20260915_101051-003,Piros műanyag lombseprű ívelt fogakkal,,Kerti gereblye
20260915_101051-005,Sárga műanyag lombseprű,,Kerti gereblye
20260915_101038-005,Egyszínű szürke kerti locsolótömlő (a márka és a méret nem olvasható),,Kerti locsolótömlő
20260915_101038-002,RIVER Standard zöld erősített kerti locsolótömlő – 50 m (az átmérő nem olvasható),,Kerti locsolótömlő
20260915_101038-004,Szürke kerti locsolótömlő narancssárga csíkkal (a márka és a méret nem olvasható),,Kerti locsolótömlő
20260915_101038-003,Sárga kerti locsolótömlő – kis csomagolt tekercs (a márka és a méret nem olvasható),,Kerti locsolótömlő
20260915_101038-001,TRIFLEX sárga kerti locsolótömlő – 50 m (az átmérő nem olvasható),,Kerti locsolótömlő
20260915_101100-008,Fekete fém kerti villa – részben takarásban a kék villa mögött,,Kerti villa
20260915_101100-007,"Kék fém vasvilla hosszú, ívelt fogakkal",,Kerti villa
20260915_101614-059,Kerámia lámpafoglalat,"Hőálló kerámiából készült foglalat olyan lámpatestekhez, ahol magasabb hőterhelés fordulhat elő. A megfelelő foglalattípusú fényforrással használható.",Kerámia lámpafoglalat
20260915_101614-070,F típusú koaxiális csatlakozó,"Menetes csatlakozó koaxiális kábelekhez, például műholdas vagy kábeltelevíziós rendszerekben. A megfelelő kábelmérethez választva stabil kapcsolatot ad.",Koaxiális csatlakozó
20260915_101614-034,Kombinált kapcsoló és dugalj,Egy készülékházban egyesíti a világításkapcsolót és a hálózati aljzatot. Helytakarékos választás kisebb kiszolgálóhelyiségekbe.,Kombinált villanyszerelvény
20260915_101614-076,Fekete kábeldob,Hosszabbító kábel rendezett tárolását és gyors le- vagy felcsévélését segítő dob. Nagyobb távolságok áthidalásánál praktikus.,Kábeldob
20260915_101614-077,Sárga-fekete kábeldob,"Jól látható színű, felcsévélhető hosszabbító kültéri vagy műhelymunkákhoz. Használat előtt a terhelésnek megfelelően célszerű letekerni.",Kábeldob
20260915_101614-066,Műanyag kábelkötegelő,"Vezetékek és kisebb tárgyak gyors összefogására használható önzáró pánt. Villanyszerelésnél, műhelyben és háztartásban is praktikus.",Kábelrögzítő
20260915_101614-068,Szöges kábelrögzítő bilincs,"Kábelek falon, fa felületen vagy szegély mellett történő rögzítésére szolgáló apró bilincs. Segít rendezetten vezetni a vezetéket.",Kábelrögzítő
20260915_101614-064,Szigetelt kábelsaru,Vezetékvégek biztonságos és rendezett csatlakoztatásához használható krimpelhető saru. A szigetelés csökkenti a véletlen érintkezés kockázatát.,Kábelsaru
20260915_101614-071,Műanyag kábelátvezető,Kábelek dobozba vagy készülékházba történő rendezett bevezetésére szolgáló szerelvény. Védi a vezetéket a nyílás peremétől.,Kábelátvezető
20260915_101614-046,Kerek kötődoboz,Elektromos vezetékek kötési pontjainak elhelyezésére használható kerek szerelvénydoboz. Falon kívüli vagy süllyesztett kivitelben alkalmazható.,Kötődoboz
20260915_101614-045,Négyzetes kötődoboz,Vezetékek elágazásainak és kötéseinek rendezett elhelyezésére szolgáló műanyag doboz. A fedél védi a csatlakozásokat a közvetlen érintéstől.,Kötődoboz
20260915_101051-021,Kék sörtéjű seprűfej – részben takarásban a zöld seprűk mögött,,Kültéri seprű
20260915_101051-010,Széles fa hátlapos seprű hosszú zöld sörtékkel,,Kültéri seprű
20260915_101051-013,Természetes vesszőseprű – részben takarásban,,Kültéri seprű
20260915_101051-011,Téglalap alakú fa hátlapos seprű rövid zöld sörtékkel,,Kültéri seprű
20260915_101100-003,Fekete szögletes lapát fa nyéllel,,Lapát
20260915_101100-004,Fekete szögletes lapát kék nyéllel,,Lapát
20260915_101100-010,"Zöld széles, merítőkanál jellegű lapát megemelt oldalfalakkal",,Lapát
20260915_101100-009,Zöld szögletes lapát fa nyéllel,,Lapát
20260915_101614-020,Commel gyertya alakú LED izzó,"Karcsú, gyertya formájú LED izzó csillárokhoz, falikarokhoz és dekoratív lámpákhoz. Klasszikus megjelenést kínál korszerű, takarékos technológiával.",LED gyertyaizzó
20260915_101614-028,XQ-lite LED gyertyaizzó,Dekoratív gyertya formájú LED fényforrás csillárokhoz és falikarokhoz. Keskeny kialakítása kisebb burákban is jól használható.,LED gyertyaizzó
20260915_101614-018,Commel LED izzó 4 W,"Kompakt, energiatakarékos fényforrás kisebb lámpatestekhez. Dekorációs és tájékozódó világításhoz is használható.",LED izzó
20260915_101614-017,"Commel LED izzó 5,1 W","Kisebb teljesítményű LED fényforrás hangulat- vagy kiegészítő világításhoz. Olyan lámpatestekhez praktikus, ahol mérsékeltebb fényerő szükséges.",LED izzó
20260915_101614-002,Commel LED reflektor,"Kültéri és műhelyvilágításhoz használható, nagy felületet megvilágító LED-es fényvető. A dönthető konzol segíti a megfelelő világítási irány beállítását.",LED reflektor
20260915_101614-003,Optonica LED reflektor,"Energiatakarékos LED fényvető udvarok, bejáratok, garázsok és munkaterületek megvilágításához. Kompakt háza falra vagy tartószerkezetre szerelhető.",LED reflektor
20260915_101614-021,Commel reflektor LED izzó,"Irányított fényt adó LED fényforrás spot- és kiemelő világításhoz. Polcok, munkafelületek vagy kisebb területek célzott megvilágítására alkalmas.",LED reflektorizzó
20260915_101614-029,XQ-lite LED spotizzó,Irányított fényt biztosító kompakt LED fényforrás spotlámpákhoz. Kiemelő és munkafelület-világításhoz is alkalmazható.,LED spotizzó
20260915_101614-054,Fehér lengő dugalj,Vezeték végére szerelhető hordozható csatlakozóaljzat. Egyedi hosszabbító vagy javított hálózati kábel kialakításához használható.,Lengő dugalj
20260915_101614-055,Fekete lengő dugalj,Kábelvégre szerelhető fekete csatlakozóaljzat. Műhely- és háztartási hosszabbítókhoz egyaránt használható.,Lengő dugalj
20260915_101047-009,"Fekete téglalap alakú, sörtés lábtörlő – részben látható",,Lábtörlő
20260915_101614-019,Commel mini gömb LED izzó,"Kis méretű, gömb formájú LED fényforrás dekoratív lámpákhoz és kisebb burákhoz. Kompakt kialakítása szűkebb lámpatestekben is előnyös.",Mini gömb LED izzó
20260915_101614-049,Fali mozgásérzékelő,"A közelben történő mozgás alapján kapcsolhat világítást vagy más fogyasztót. Bejáratok, közlekedők és udvari lámpák automatizálására használható.",Mozgásérzékelő
20260915_101614-050,Mennyezeti mozgásérzékelő,Mennyezetre szerelhető érzékelő automatikus világításvezérléshez. Nagyobb belátási területe miatt közlekedőkben és helyiségekben is praktikus.,Mozgásérzékelő
20260915_101614-048,Mozgásérzékelős éjszakai fény,"Mozgás észlelésekor automatikusan felkapcsolódó tájékozódó lámpa. Sötét közlekedőkben, lépcsőknél és előszobákban segíti a biztonságos mozgást.",Mozgásérzékelős lámpa
20260915_101100-024,Fehér műanyag hálótekercs – a pontos felhasználás bizonytalan,,Műanyag háló
20260915_101106-021,10 kg-os műtrágyás zsák 1991–2021 magyar termék emblémával (a márka és az összetétel nem olvasható),,Műtrágya
20260915_101106-019,Green Max kerti nitrogénműtrágya – 5 kg,,Műtrágya
20260915_101106-020,"Green Max kerti nitrogénműtrágya – nagyobb zsák, a tömeg nem olvasható",,Műtrágya
20260915_101117-027,"Kerti műtrágya – 10 kg, virág- és zöldségmintával, valamint „MAGYAR 1931 ÓTA MŰTRÁGYA” emblémával (a termékcsalád és az összetétel részben takarásban)",,Műtrágya
20260915_101614-039,Nyomógombos csengőkapcsoló,Pillanatnyi érintkezésű nyomógomb csengő vagy más rövid vezérlőjel működtetéséhez. Elengedés után automatikusan visszaáll alaphelyzetbe.,Nyomógombos kapcsoló
20260915_101100-022,Zöld műanyag létra alakú növénytámaszok,,Növénytámasz / futtatórács
20260915_101117-039,"Csomagolt, vékony zöld növénytámasztó rudak – a vödörben (a felhasználás bizonytalan)",,Növénytámasz – bizonytalan azonosítás
20260915_101047-008,"Sötétzöld, feltekert, hálós textúrájú szőnyeg (a pontos anyag bizonytalan)",,Padlószőnyeg – bizonytalan azonosítás
20260915_101614-038,Redőnykapcsoló,Motoros redőny fel- és lemozgatásának vezérlésére szolgáló kapcsoló. A két irány külön kezelhető a szerelvényről.,Redőnyvezérlő kapcsoló
20260915_101614-041,Egyes szerelvénykeret,Egy kapcsoló- vagy dugaljbetét esztétikus körbefogására szolgáló keret. A kiválasztott szerelvénycsalád elemeivel használható.,Szerelvénykeret
20260915_101614-043,Hármas szerelvénykeret,Három süllyesztett szerelvény egységes sorolására szolgáló keret. Vízszintes vagy a típustól függően függőleges elrendezéshez használható.,Szerelvénykeret
20260915_101614-042,Kettes szerelvénykeret,"Két egymás mellé épített kapcsoló vagy dugalj közös kerete. Egységes, rendezett megjelenést ad a szerelvényeknek.",Szerelvénykeret
20260915_101614-005,Hordozható szerelőlámpa védőráccsal,Kézben tartható vagy felakasztható munkalámpa szereléshez és műhelymunkához. A védőrács óvja a fényforrást a véletlen ütődésektől.,Szerelőlámpa
20260915_101100-023,Natúr fa csere szerszámnyelek,,Szerszámnyél
20260915_101047-011,Zöld bevonatú csere szerszámrudak (a méretek nem olvashatók),,Szerszámnyél
20260915_101614-067,PVC villanyszerelő szalag,"Elektromos vezetékek szigeteléséhez, jelöléséhez és ideiglenes rögzítéséhez használható rugalmas szalag. Szerelési és javítási munkák alapvető kelléke.",Szigetelőszalag
20260915_101614-007,Napelemes dekorlámpa rácsmintás burával,"A mintás burán át hangulatos fényrajzot vetítő kültéri szolárlámpa. Kertben, teraszon vagy kerti út mellett dekorációként használható.",Szolár dekorlámpa
20260915_101614-010,Napelemes virágmintás dekorlámpa,Virágos díszítésű szolárlámpa kertek és teraszok esti hangulatvilágításához. Kábelezés nélkül telepíthető napos helyre.,Szolár dekorlámpa
20260915_101614-012,Napelemes fali lámpa,"Falra szerelhető, napenergiával működő kültéri lámpa bejáratok és melléképületek környékére. Hálózati bekötés nélkül biztosít tájékozódó fényt.",Szolár fali lámpa
20260915_101614-009,Napelemes lánghatású fáklya,Lobogó lángot idéző fénye dekoratív hangulatot teremt nyílt láng használata nélkül. Leszúrható kivitele miatt könnyen elhelyezhető a kertben.,Szolár fáklya
20260915_101614-011,Leszúrható napelemes kerti lámpa,"Kerti utak, ágyások és bejárók jelzőfényeként használható. A leszúrható szár gyors, vezeték nélküli elhelyezést tesz lehetővé.",Szolár kerti lámpa
20260915_101614-008,Napelemes hengeres kerti lámpa,"Hengeres kialakítású kültéri fény, amely napközben feltöltődik, majd este hangulatvilágítást ad. Terasz, járda vagy növényágyás közelében használható.",Szolár kerti lámpa
20260915_101614-004,Napelemes házszám-megvilágító lámpa,"Nappal napenergiával töltődik, sötétedés után pedig megvilágítja a házszámot. Olyan helyen is használható, ahol nincs kiépített hálózati vezeték.",Szolár kültéri lámpa
20260915_101051-016,Ezüstszínű teleszkópos szerszámnyél fekete rögzítőgyűrűkkel,,Teleszkópos szerszámnyél
20260915_101112-001,"Fekete, szellőzőnyílásos téglalap alakú műanyag rekesz – bal oldali rakás, széles tömör sarokpanelekkel",,Tároló- / rekeszláda
20260915_101112-003,"Fekete, szellőzőnyílásos téglalap alakú műanyag rekesz – jobb oldali rakás, megerősített bordázott oldalfalakkal",,Tároló- / rekeszláda
20260915_101112-002,"Fekete, szellőzőnyílásos téglalap alakú műanyag rekesz – középső rakás, keskeny rácsnyílásokkal",,Tároló- / rekeszláda
20260915_101614-044,Villanyszerelvény vakfedél,Használaton kívüli szerelvényhely vagy kötődoboz kulturált lezárására alkalmas fedél. Segít eltakarni és védeni a mögötte lévő részt.,Vakfedél
20260915_101614-062,Csavaros sorkapocs,"Vezetékek oldható, csavaros összekötésére szolgáló villanyszerelési segédanyag. A sor igény szerint rövidebb egységekre vágható.",Vezeték-összekötő
20260915_101614-030,Felületre szerelhető egypólusú kapcsoló,"Falra szerelhető villanykapcsoló olyan helyekre, ahol a vezeték és a szerelvény nincs a falba süllyesztve. Egy világítási kör egyszerű vezérlésére használható.",Villanykapcsoló
20260915_101109-021,Antracit függőlegesen bordázott kerek virágcserép – kis méret,,Virágcserép
20260915_101109-011,Antracit függőlegesen bordázott kerek virágcserép – nagy méret,,Virágcserép
20260915_101109-023,Antracit sima kerek virágcserép visszahajtott peremmel,,Virágcserép
20260915_101106-018,Barna sima kerek virágcserép – jobb felül részben látható,,Virágcserép
20260915_101109-022,Fehér függőlegesen bordázott kerek virágcserép – kis méret,,Virágcserép
20260915_101109-014,Fehér függőlegesen bordázott kerek virágcserép – közepes méret,,Virágcserép
20260915_101109-013,Fehér függőlegesen bordázott kerek virágcserép – nagy méret,,Virágcserép
20260915_101106-014,Fehér függőlegesen bordázott virágcserép – kisebb látható méret a felső polcon,,Virágcserép
20260915_101106-013,Fehér függőlegesen bordázott virágcserép – nagyobb látható méret a felső polcon,,Virágcserép
20260915_101106-007,Fehér kerek virágcserép – kis méret,,Virágcserép
20260915_101106-006,Fehér kerek virágcserép – közepes méret,,Virágcserép
20260915_101106-005,Fehér áttetsző kerek virágcserép – nagy méret,,Virágcserép
20260915_101109-016,Kék függőlegesen bordázott kerek virágcserép – kis méret,,Virágcserép
20260915_101109-015,Kék függőlegesen bordázott kerek virágcserép – közepes méret,,Virágcserép
20260915_101109-012,Kék függőlegesen bordázott kerek virágcserép – nagy méret,,Virágcserép
20260915_101106-012,Kék függőlegesen bordázott virágcserép – a felső polcon részben kilóg a képből,,Virágcserép
20260915_101106-003,"Nagy fehér, vízszintesen texturált kerek kaspó fekete belsővel",,Virágcserép
20260915_101106-004,"Nagy szürke, vízszintesen texturált kerek kaspó fekete belsővel",,Virágcserép
20260915_101109-024,Szürkésbarna sima kerek virágcserép visszahajtott peremmel,,Virágcserép
20260915_101106-015,Sötét antracit függőlegesen bordázott virágcserép – a felső polcon részben kilóg a képből,,Virágcserép
20260915_101106-017,Sötét antracit sima kerek virágcserép – jobb felül részben kilóg a képből,,Virágcserép
20260915_101109-025,Sötétbarna sima kerek virágcserép – jobb hátul,,Virágcserép
20260915_101109-020,Világosszürke függőlegesen bordázott kerek virágcserép – kis méret,,Virágcserép
20260915_101109-019,Világosszürke függőlegesen bordázott kerek virágcserép – közepes méret,,Virágcserép
20260915_101109-018,Zöld függőlegesen bordázott kerek virágcserép – kis méret,,Virágcserép
20260915_101109-017,Zöld függőlegesen bordázott kerek virágcserép – közepes méret,,Virágcserép
20260915_101106-016,Zöld függőlegesen bordázott virágcserép – a felső polcon részben kilóg a képből,,Virágcserép
20260915_101109-010,"Fekete sima, hengeres virágcserép-betét – bal felül",,Virágcserép / betét
20260915_101112-021,"Fekete sima, kerek, kúpos virágcserép / betét – elöl balra",,Virágcserép / betét
20260915_101117-003,Antracit kerek virágcserép-alátét – kis méret,,Virágcserép-alátét
20260915_101117-002,Antracit kerek virágcserép-alátét – közepes méret,,Virágcserép-alátét
20260915_101117-001,Antracit kerek virágcserép-alátét – nagy méret,,Virágcserép-alátét
20260915_101117-018,Antracit négyzetes virágcserép-alátét lekerekített sarkokkal – kis méret,,Virágcserép-alátét
20260915_101117-015,Antracit négyzetes virágcserép-alátét lekerekített sarkokkal – közepes méret,,Virágcserép-alátét
20260915_101117-012,Antracit négyzetes virágcserép-alátét lekerekített sarkokkal – nagy méret,,Virágcserép-alátét
20260915_101117-008,Fehér kerek virágcserép-alátét – kis méret,,Virágcserép-alátét
20260915_101117-007,Fehér kerek virágcserép-alátét – nagy méret,,Virágcserép-alátét
20260915_101117-006,Szürkésbarna kerek virágcserép-alátét – kis méret,,Virágcserép-alátét
20260915_101117-005,Szürkésbarna kerek virágcserép-alátét – közepes méret,,Virágcserép-alátét
20260915_101117-004,Szürkésbarna kerek virágcserép-alátét – nagy méret,,Virágcserép-alátét
20260915_101117-020,Szürkésbarna négyzetes virágcserép-alátét lekerekített sarkokkal – kis méret,,Virágcserép-alátét
20260915_101117-017,Szürkésbarna négyzetes virágcserép-alátét lekerekített sarkokkal – közepes méret,,Virágcserép-alátét
20260915_101117-014,Szürkésbarna négyzetes virágcserép-alátét lekerekített sarkokkal – nagy méret,,Virágcserép-alátét
20260915_101117-011,Sötétbarna kerek virágcserép-alátét – kis méret,,Virágcserép-alátét
20260915_101117-010,Sötétbarna kerek virágcserép-alátét – közepes méret,,Virágcserép-alátét
20260915_101117-009,Sötétbarna kerek virágcserép-alátét – nagy méret,,Virágcserép-alátét
20260915_101117-019,Terrakotta színű négyzetes virágcserép-alátét lekerekített sarkokkal – kis méret,,Virágcserép-alátét
20260915_101117-016,Terrakotta színű négyzetes virágcserép-alátét lekerekített sarkokkal – közepes méret,,Virágcserép-alátét
20260915_101117-013,Terrakotta színű négyzetes virágcserép-alátét lekerekített sarkokkal – nagy méret,,Virágcserép-alátét
20260915_101106-029,"Horganyzott vödör drótfüllel – kis méret, előtérben",,Vödör
20260915_101106-028,Horganyzott vödör drótfüllel – közepes méret,,Vödör
20260915_101106-027,Horganyzott vödör drótfüllel – nagy méret,,Vödör
20260915_101117-036,Narancssárga műanyag vödör drótfüllel,,Vödör
20260915_101614-060,Fehér zsinórkapcsoló,Lámpakábelbe iktatható kézi kapcsoló fehér kivitelben. Asztali és állólámpák egyszerű ki- és bekapcsolására szolgál.,Zsinórkapcsoló
20260915_101614-061,Fekete zsinórkapcsoló,"Fekete színű, lámpavezetékbe szerelhető kapcsoló. Javításhoz vagy egyedi lámpakábel összeállításához használható.",Zsinórkapcsoló
20260915_101117-029,"Fekete, virág- és zöldségmintás kertészeti termékzsák – „5” jelöléssel (a mértékegység és a pontos tartalom nem olvasható)",,Zsákos kertészeti termék – bizonytalan azonosítás
20260915_101117-031,Kék-fehér kertészeti termékzsák levélgrafikával (a pontos tartalom nem olvasható),,Zsákos kertészeti termék – bizonytalan azonosítás
20260915_101117-030,"Zöld, gyepmintás kertészeti termékzsák világosbarna hátoldallal (a pontos tartalom nem olvasható)",,Zsákos kertészeti termék – bizonytalan azonosítás
20260915_101100-001,Ezüstszínű hegyes ásó fa nyéllel,,Ásó
20260915_101100-002,Fekete hegyes ásó fa nyéllel,,Ásó
20260915_101100-005,"Fekete keskeny, lekerekített ásó narancssárga D-markolattal",,Ásó
20260915_101100-006,"Klasszikus hosszú, keskeny, lekerekített ásó – a címke látható",,Ásó
20260915_101106-011,"Átlátszó műanyag virágcserép – keskeny, legkisebb látható méret",,Átlátszó virágcserép
20260915_101106-010,Átlátszó műanyag virágcserép – kis méret,,Átlátszó virágcserép
20260915_101106-009,Átlátszó műanyag virágcserép – közepes méret,,Átlátszó virágcserép
20260915_101106-008,Átlátszó műanyag virágcserép – nagy méret,,Átlátszó virágcserép
20260915_101614-047,Dugaszolható LED éjszakai fény,"Közvetlenül a fali aljzatba csatlakoztatható kis fogyasztású tájékozódó fény. Folyosón, gyerekszobában vagy hálóban lehet hasznos.",Éjszakai fény
20260915_101614-065,Érvéghüvely készlet,"Sodrott vezetékek végének megerősítésére szolgáló, krimpelhető hüvelyek. Segítségükkel rendezettebb és megbízhatóbb csavaros bekötés készíthető.",Érvéghüvely
20260915_101117-032,Horganyzott fém öntözőkanna felső és hátsó fogantyúval – bal oldalon részben látható,,Öntözőkanna
20260915_101106-024,Horganyzott nyitott tetejű öntözőkanna – kis méret,,Öntözőkanna
20260915_101106-023,Horganyzott nyitott tetejű öntözőkanna – közepes méret,,Öntözőkanna
20260915_101106-022,Horganyzott nyitott tetejű öntözőkanna – nagy méret,,Öntözőkanna
20260915_101106-025,Horganyzott öntözőkanna fedett vállrésszel és felső fogantyúval,,Öntözőkanna
20260915_101112-006,Limezöld műanyag öntözőkanna hozzáillő szórófejjel,,Öntözőkanna
20260915_101106-026,"Matt horganyzott, hengeres öntözőkanna nyitott felső résszel",,Öntözőkanna
20260915_101112-007,Narancssárga műanyag öntözőkanna hozzáillő szórófejjel,,Öntözőkanna
20260915_101112-005,Piros műanyag öntözőkanna hozzáillő szórófejjel,,Öntözőkanna
20260915_101112-010,Szürke bordázott műanyag öntözőkanna – jobb oldalon részben látható,,Öntözőkanna
20260915_101112-004,Sárga műanyag öntözőkanna hozzáillő szórófejjel,,Öntözőkanna
20260915_101112-008,Sötétzöld bordázott műanyag öntözőkanna fekete szórófejjel,,Öntözőkanna
20260915_101117-038,Zöld bordázott műanyag öntözőkanna lépcsőzetes kialakítású kiöntőcsővel – jobb oldali változat,,Öntözőkanna
20260915_101855-001,Jar kézi mosogatószer – zöld változat,"Fehér flakonos Jar mosogatószer, zöldes címkével; a pontos illatváltozat a fotó alapján nem teljesen olvasható.",mosogatószer
20260915_101855-002,Jar kézi mosogatószer – piros változat,"Fehér flakonos Jar mosogatószer, pirosas címkével; a pontos illatváltozat a fotó alapján nem teljesen olvasható.",mosogatószer
20260915_101855-003,Floren tisztítószer – piros változat,Floren márkájú piros folyékony tisztítószer/flakonos háztartási szer.,háztartási tisztítószer
20260915_101855-004,Floren tisztítószer – narancs változat,Floren márkájú narancsszínű folyékony tisztítószer/flakonos háztartási szer.,háztartási tisztítószer
20260915_101855-005,HG tisztítószer,HG márkájú fehér flakonos tisztítószer; a pontos típus nem olvasható ki biztosan.,háztartási tisztítószer
20260915_101855-006,Cif tisztítószer spray,Cif márkájú szórófejes felülettisztító spray.,felülettisztító
20260915_101855-007,Well Done kerámialap tisztító,"Fekete flakonos Well Done tisztítószer, a címkén a „kerámialap tisztító” felirat látható.",konyhai tisztítószer
20260915_101855-008,Power Foam tisztítóhab,"Rózsaszín flakonos, szórófejes tisztítóhab; a „Power Foam” felirat részben olvasható.",tisztítóhab
20260915_101855-009,Lila fürdőszobai tisztítószer spray,"Lila flakonos, szórófejes fürdőszobai/általános tisztítószer; a márka nem olvasható ki egyértelműen.",fürdőszobai tisztítószer
20260915_101855-010,Narancs címkés felülettisztító spray,"Fehér flakonos, szórófejes tisztítószer narancs címkével; pontos márka és típus nem egyértelmű.",felülettisztító
20260915_101855-011,Zöld címkés felülettisztító spray,"Fehér flakonos, szórófejes tisztítószer zöld címkével; pontos márka és típus nem egyértelmű.",felülettisztító
20260915_101855-012,Piros szórófejes általános tisztítószer,"Fehér flakonos, piros szórófejű tisztítószer; a címke nem olvasható teljesen.",általános tisztítószer
20260915_101855-013,Kék palackos tisztítószer,Világoskék flakonos háztartási tisztítószer a polc jobb oldalán; pontos típus nem biztos.,háztartási tisztítószer
20260915_101855-014,Window Plus ablaktisztító,"Kék flakonos, szórófejes Window Plus ablak- és üvegtisztító.",ablaktisztító
20260915_101855-015,Clin ablaktisztító,"Kék flakonos, szórófejes Clin ablak- és üvegtisztító.",ablaktisztító
20260915_101855-016,Din narancs szórófejes tisztítószer,Narancsszínű Din márkájú szórófejes tisztítószer; valószínűleg zsíroldó vagy általános tisztító.,zsíroldó
20260915_101855-017,Din fehér-kék tisztítószer,Fehér flakonos Din tisztítószer kékes címkével; pontos típusa nem olvasható biztosan.,háztartási tisztítószer
20260915_101855-018,Cif súrolókrém – citrom,"Sárga flakonos Cif súrolókrém, citromos változatnak tűnik.",súrolókrém
20260915_101855-019,Sanytol fertőtlenítő felülettisztító – nagy flakon,"Türkiz színű Sanytol flakon, fertőtlenítő felület- vagy padlótisztító.",fertőtlenítő tisztítószer
20260915_101855-020,Sanytol fertőtlenítő spray,"Türkiz színű, szórófejes Sanytol tisztítószer.",fertőtlenítő spray
20260915_101855-021,Sanytol fehér-zöld spray,Fehér/zöld Sanytol vagy hasonló fertőtlenítő/fürdőszobai tisztító spray.,fertőtlenítő tisztítószer
20260915_101855-022,Piros flakonos WC-/fürdőszobai tisztítószer,"Karcsú, piros flakonos tisztítószer a középső polc jobb oldalán.",WC-/fürdőszobai tisztítószer
20260915_101855-023,Világos kék flakonos tisztítószer,"Világoskék flakonos, kupakos háztartási tisztítószer; a márka nem egyértelmű.",háztartási tisztítószer
20260915_101855-024,Desztillált víz,Áttetsző műanyag palackban árult desztillált víz.,desztillált víz
20260915_101855-025,Fresh lila spray,Lila szórófejes Fresh márkájú vagy hasonló általános tisztítószer.,általános tisztítószer
20260915_101855-026,Fresh piros spray,Piros szórófejes Fresh márkájú vagy hasonló általános tisztítószer.,általános tisztítószer
20260915_101855-027,Fresh barna/borostyán spray,Borostyánszínű folyadékot tartalmazó szórófejes tisztítószer.,általános tisztítószer
20260915_101855-028,Fresh kék spray,"Kék folyadékos, szórófejes tisztítószer/ablaktisztító.",ablaktisztító
20260915_101855-029,Vit tisztítószer,"A dobozban álló, sárga címkés Vit márkájú tisztítószer flakon.",háztartási tisztítószer
20260915_101855-030,OXI tisztítószeres vödör,Lila-fehér OXI feliratú műanyag vödrös tisztító- vagy folttisztító termék.,folttisztító
20260915_101855-031,Nedves törlőkendő / takarítókendő csomag,A polc jobb alsó részén több csomagolt takarító- vagy törlőkendő látható.,törlőkendő
20260915_101855-032,"Hypo / fehérítő – fehér flakon, kék kupak","Fehér flakonos, kék kupakos tisztítószer vagy fehérítő; a márka nem olvasható.",fehérítő
20260915_101855-033,Fekete kanna lefolyótisztító,"Sötét, kannás kiszerelésű vegyszer; valószínűleg lefolyótisztító vagy erős tisztítószer.",lefolyótisztító
20260915_101855-034,Zöld flakonos fertőtlenítő tisztítószer,"Zöld színű, keresztet ábrázoló címkés tisztítószer.",fertőtlenítő tisztítószer
20260915_101855-035,Zöld kézi mosogatószer,Zöld flakonos kézi mosogatószer a legalsó polcon.,mosogatószer
20260915_101855-036,Narancs flakonos padló-/általános tisztítószer,"Nagyobb, narancsszínű flakonos tisztítószer az alsó polcon.",padlótisztító
20260915_101855-037,Szivacs vagy súrolóeszköz csomag,Csomagolt súroló- vagy tisztítószivacs a jobb alsó polcon.,tisztítóeszköz
20260915_101855-038,Folyékony szappan / kézfertőtlenítő pumpás kiszerelés,Pumpás flakonok a felső polc bal hátsó részén; pontos terméknevek nem olvashatók.,folyékony szappan
20260915_101119-001,Fehér áttört dekoratív kaspó,,Dekoratív kaspó
20260915_101119-002,Krém áttört dekoratív kaspó,,Dekoratív kaspó
20260915_101119-003,Fekete áttört dekoratív kaspó – részben látható,,Dekoratív kaspó
20260915_101119-004,Fekete kéregmintás kerek virágcserép – nagy,,Virágcserép
20260915_101119-005,Fekete kéregmintás kerek virágcserép – közepes,,Virágcserép
20260915_101119-006,Fekete kéregmintás kerek virágcserép – kicsi,,Virágcserép
20260915_101119-007,Szürke kéregmintás kerek virágcserép – nagy,,Virágcserép
20260915_101119-008,Szürke kéregmintás kerek virágcserép – kicsi,,Virágcserép
20260915_101119-009,Fehér lekerekített tál alakú virágcserép,,Virágcserép
20260915_101119-010,Bézs lekerekített virágcserép – nagy csomagolt kivitel,,Virágcserép
20260915_101119-011,Bézs lekerekített virágcserép – kicsi csomagolt kivitel,,Virágcserép
20260915_101119-012,Krém lekerekített virágcserép széles peremmel,,Virágcserép
20260915_101119-013,Terrakotta színű fali virágcserép lapos hátú – nagy,,Fali virágtartó
20260915_101119-014,Terrakotta színű fali virágcserép lapos hátú – kicsi,,Fali virágtartó
20260915_101119-015,Szürkésbarna bordázott akasztófüles fali virágcserép,,Fali virágtartó
20260915_101119-016,Terrakotta színű bordázott kerek virágcserép – nagy,,Virágcserép
20260915_101119-017,Terrakotta színű bordázott kerek virágcserép – kicsi,,Virágcserép
20260915_101119-018,Szürkésbarna bordázott kerek virágcserép – kicsi,,Virágcserép
20260915_101119-019,Antracit sima kerek virágcserép – nagy,,Virágcserép
20260915_101119-020,Szürkésbarna sima kerek virágcserép – nagy,,Virágcserép
20260915_101119-021,Antracit sima kerek virágcserép – közepes,,Virágcserép
20260915_101119-022,Szürkésbarna sima kerek virágcserép – közepes,,Virágcserép
20260915_101119-023,Antracit sima kerek virágcserép – kicsi,,Virágcserép
20260915_101119-024,Szürkésbarna sima kerek virágcserép – kicsi,,Virágcserép
20260915_101119-025,Fehér sima kerek virágcserép – nagy,,Virágcserép
20260915_101119-026,Fehér sima kerek virágcserép – kicsi,,Virágcserép
20260915_101119-027,Világosszürke sima kerek virágcserép – részben takarásban,,Virágcserép
20260915_101119-028,Sötétbarna bordázott kerek virágcserép – nagy,,Virágcserép
20260915_101119-029,Sötétbarna bordázott kerek virágcserép – közepes,,Virágcserép
20260915_101119-030,Sötétbarna bordázott magas keskeny virágcserép,,Virágcserép
20260915_101119-031,Fekete magas kerek virágcserép – hátsó jobb,,Virágcserép
20260915_101119-032,Átlátszó kerek műanyag virágcserepek – az alsó szélen a méretek nem láthatók,,Átlátszó virágcserép
20260915_101119-033,Fehér keskeny kúpos virágcserép – alsó szél,,Virágcserép
20260915_101119-034,Áttetsző sötétzöld magas kúpos virágcserép kaspó,,Dekoratív kaspó
20260915_101119-035,Antracit lekerekített sarkú négyzetes cserépalátét,,Cserépalátét
20260915_101119-036,Terrakotta színű lekerekített sarkú négyzetes cserépalátét,,Cserépalátét
20260915_101121-001,Fekete szellőzőnyílásos műanyag rekesz – részben látható a bal felső részen,,Tároló-/zöldséges rekesz
20260915_101121-002,Ezüstszürke hengeres locsolókanna hosszú csőrrel és formázott fogantyúval,,Locsolókanna
20260915_101121-003,Zöld bordázott műanyag locsolókanna fekete szórófejjel,,Locsolókanna
20260915_101121-004,Zöld bordázott műanyag locsolókanna lépcsős kialakítású csőrrel – alsó polc,,Locsolókanna
20260915_101121-005,Horganyzott fém locsolókanna ívelt fém fogantyúval,,Locsolókanna
20260915_101121-006,Fehér nyeregalakú korládláda – kisebb látható méret,,Korládláda
20260915_101121-007,Fehér nyeregalakú korládláda – nagyobb látható méret,,Korládláda
20260915_101121-008,Szürkésbarna nyeregalakú korládláda,,Korládláda
20260915_101121-009,Terrakotta színű nyeregalakú korládláda – részben takarásban,,Korládláda
20260915_101121-010,Fehér áttört kaspó – alsó szél,,Dekoratív kaspó
20260915_101121-011,Fekete kéregmintás kerek virágcserép – nagy,,Virágcserép
20260915_101121-012,Fekete kéregmintás kerek virágcserép – kicsi,,Virágcserép
20260915_101121-013,Szürke kéregmintás kerek virágcserép – részben látható az alsó szélen,,Virágcserép
20260915_101121-014,Fehér kicsi sima kerek virágcserép,,Virágcserép
20260915_101121-015,Antracit sima kerek virágcserép – alsó szél,,Virágcserép
20260915_101121-016,Bézs lekerekített virágcserép – részben látható az alsó szélen,,Virágcserép
20260915_101121-017,Terrakotta színű lapos hátú fali virágcserép,,Fali virágtartó
20260915_101121-018,Szürkésbarna bordázott akasztófüles fali virágcserép,,Fali virágtartó
20260915_101121-019,Terrakotta színű bordázott kerek virágcserép,,Virágcserép
20260915_101121-020,Fehér lekerekített virágcserép – részben látható a jobb alsó részen,,Virágcserép
20260915_101125-001,Sötétbarna kerek műanyag virágcserép – nagy,,Virágcserép
20260915_101125-002,Sötétbarna kerek műanyag virágcserép – közepes,,Virágcserép
20260915_101125-003,Sötétbarna kerek műanyag virágcserép – kicsi,,Virágcserép
20260915_101125-004,Sötétbarna magas keskeny műanyag virágcserép,,Virágcserép
20260915_101125-005,Fehér kerek műanyag virágcserép – extra nagy,,Virágcserép
20260915_101125-006,Fehér kerek műanyag virágcserép – nagy,,Virágcserép
20260915_101125-007,Fehér kerek műanyag virágcserép – közepes,,Virágcserép
20260915_101125-008,Fehér kerek műanyag virágcserép – kicsi,,Virágcserép
20260915_101125-009,Fehér kerek műanyag virágcserép – legkisebb látható méret,,Virágcserép
20260915_101125-010,Terrakotta színű kerek virágcserép – részben látható a jobb szélen,,Virágcserép
20260915_101125-011,Antracit kerek virágcserép – hátsó felső polc,,Virágcserép
20260915_101125-012,Világosszürke kerek virágcserép – részben takarásban hátsó felső polc,,Virágcserép
20260915_101125-013,Antracit lekerekített sarkú négyzetes cserépalátét – extra nagy,,Cserépalátét
20260915_101125-014,Terrakotta színű lekerekített sarkú négyzetes cserépalátét – extra nagy,,Cserépalátét
20260915_101125-015,Szürkésbarna lekerekített sarkú négyzetes cserépalátét – extra nagy,,Cserépalátét
20260915_101125-016,Antracit lekerekített sarkú négyzetes cserépalátét – nagy,,Cserépalátét
20260915_101125-017,Terrakotta színű lekerekített sarkú négyzetes cserépalátét – nagy,,Cserépalátét
20260915_101125-018,Szürkésbarna lekerekített sarkú négyzetes cserépalátét – nagy,,Cserépalátét
20260915_101125-019,Antracit lekerekített sarkú négyzetes cserépalátét – közepes,,Cserépalátét
20260915_101125-020,Terrakotta színű lekerekített sarkú négyzetes cserépalátét – közepes,,Cserépalátét
20260915_101125-021,Szürkésbarna lekerekített sarkú négyzetes cserépalátét – közepes,,Cserépalátét
20260915_101125-022,Antracit lekerekített sarkú négyzetes cserépalátét – kicsi,,Cserépalátét
20260915_101125-023,Terrakotta színű lekerekített sarkú négyzetes cserépalátét – kicsi,,Cserépalátét
20260915_101125-024,Szürkésbarna lekerekített sarkú négyzetes cserépalátét – kicsi,,Cserépalátét
20260915_101125-025,Sötétbarna kerek cserépalátét – nagy,,Cserépalátét
20260915_101125-026,Sötétbarna kerek cserépalátét – közepes,,Cserépalátét
20260915_101125-027,Sötétbarna kerek cserépalátét – kicsi,,Cserépalátét
20260915_101125-028,Sötétbarna kerek cserépalátét – legkisebb látható méret,,Cserépalátét
20260915_101125-029,Fehér kerek cserépalátét – nagy,,Cserépalátét
20260915_101125-030,Fehér kerek cserépalátét – közepes,,Cserépalátét
20260915_101125-031,Fehér kerek cserépalátét – kicsi,,Cserépalátét
20260915_101125-032,Fehér kerek cserépalátét – legkisebb látható méret,,Cserépalátét
20260915_101125-033,Zöld bordázott műanyag locsolókanna – hosszú csőrű kivitel,,Locsolókanna
20260915_101125-034,Zöld bordázott műanyag locsolókanna – lépcsős csőrű kivitel,,Locsolókanna
20260915_101125-035,Horganyzott fém locsolókanna felső és hátsó fogantyúval,,Locsolókanna
20260915_101125-036,Bige kerti műtrágya – 5 kg (az összetétel nem olvasható),,Műtrágya
20260915_101125-037,Virág- és zöldségmintás kertészeti termékzsák – 5 kg (a tartalom nem olvasható),,Zsákos kertészeti termék – bizonytalan azonosítás
20260915_101127-001,Szürkésbarna fényes akasztófüles lapos hátú virágcserép,,Fali virágtartó
20260915_101127-002,Terrakotta színű fényes akasztófüles lapos hátú virágcserép,,Fali virágtartó
20260915_101127-003,Fehér fényes akasztófüles lapos hátú virágcserép,,Fali virágtartó
20260915_101127-004,Antracit fényes akasztófüles lapos hátú virágcserép,,Fali virágtartó
20260915_101127-005,Szürkésbarna sekély kerek tál alakú virágtartó,,Tál alakú virágtartó
20260915_101127-006,Terrakotta színű sekély kerek tál alakú virágtartó,,Tál alakú virágtartó
20260915_101127-007,Fehér sekély kerek tál alakú virágtartó,,Tál alakú virágtartó
20260915_101127-008,Antracit sekély kerek tál alakú virágtartó,,Tál alakú virágtartó
20260915_101127-009,Terrakotta színű magas kúpos virágcserép – közepes,,Virágcserép
20260915_101127-010,Terrakotta színű magas kúpos virágcserép – nagy,,Virágcserép
20260915_101127-011,Terrakotta színű flat-backed virágcserép – bal oldalon részben levágva,,Fali virágtartó
20260915_101127-012,Antracit kúpos virágcserép – jobb oldalon részben levágva,,Virágcserép
20260915_101127-013,Sötétbarna kerek virágcserép – legnagyobb bal hátsó kivitel,,Virágcserép
20260915_101127-014,Sötétbarna kerek virágcserép – nagy széles kivitel,,Virágcserép
20260915_101127-015,Sötétbarna kerek virágcserép – medium-wide kivitel,,Virágcserép
20260915_101127-016,Sötétbarna kerek virágcserép – medium-narrow kivitel,,Virágcserép
20260915_101127-017,Sötétbarna kerek virágcserép – kicsi kivitel,,Virágcserép
20260915_101127-018,Sötétbarna magas keskeny virágcserép,,Virágcserép
20260915_101127-019,Fekete kerek virágcserép – részben takarásban hátsó bal,,Virágcserép
20260915_101127-020,Fehér kerek virágcserép – legnagyobb széles kivitel,,Virágcserép
20260915_101127-021,Fehér kerek virágcserép – nagy kivitel at jobb,,Virágcserép
20260915_101127-022,Fehér kerek virágcserép – közepes kivitel,,Virágcserép
20260915_101127-023,Fehér kerek virágcserép – kicsi kivitel,,Virágcserép
20260915_101127-024,Fehér kerek virágcserép – keskeny kicsi kivitel,,Virágcserép
20260915_101127-025,Világosszürke kerek virágcserép – nagy hátsó kivitel,,Virágcserép
20260915_101127-026,Világosszürke kerek virágcserép – kicsi hátsó kivitel,,Virágcserép
20260915_101127-027,Terrakotta színű kerek virágcserép – nagy jobb hátsó kivitel,,Virágcserép
20260915_101127-028,Terrakotta színű kerek virágcserép – közepes jobb hátsó kivitel,,Virágcserép
20260915_101127-029,Terrakotta színű kerek virágcserép – kicsi jobb elülső kivitel,,Virágcserép
20260915_101127-030,Fehér kerek cserépalátétek – részben látható az alsó szélen,,Cserépalátét
20260915_101127-031,Sötétbarna kerek cserépalátétek – részben látható az alsó szélen,,Cserépalátét
20260915_101129-001,"Zöld műanyag locsolókanna magas, megerősített csőrrel és fekete szórófejjel",,Locsolókanna
20260915_101129-002,Zöld bordázott műanyag locsolókanna szögletes csőrrel – jobb szél,,Locsolókanna
20260915_101129-003,Ezüstszürke hengeres locsolókanna – részben látható a bal szélen,,Locsolókanna
20260915_101129-004,Fehér nyeregalakú korládláda – nagy látható méret,,Korládláda
20260915_101129-005,Szürkésbarna nyeregalakú korládláda – kisebb látható méret,,Korládláda
20260915_101129-006,Terrakotta színű nyeregalakú korládláda – kisebb látható méret,,Korládláda
20260915_101129-007,Terrakotta színű nyeregalakú korládláda – nagyobb látható méret,,Korládláda
20260915_101129-008,Szürkésbarna bordázott kerek korládkaspó oldalsó rögzítőmélyedéssel,,Korládláda
20260915_101129-009,Terrakotta színű bordázott kerek korládkaspó oldalsó rögzítőmélyedéssel,,Korládláda
20260915_101134-001,Fehér kúpos kerek virágcserép – részben látható a bal felső részen,,Virágcserép
20260915_101134-002,Terrakotta színű kúpos kerek virágcserép – legkisebb keskeny méret,,Virágcserép
20260915_101134-003,Terrakotta színű kúpos kerek virágcserép – kicsi méret,,Virágcserép
20260915_101134-004,Terrakotta színű kúpos kerek virágcserép – közepes méret,,Virágcserép
20260915_101134-005,Terrakotta színű kúpos kerek virágcserép – nagy méret,,Virágcserép
20260915_101134-006,Terrakotta színű magas keskeny virágcserép – jobb középső halom,,Virágcserép
20260915_101134-007,Barna kúpos kerek virágcserép – nagy jobb oldali halom,,Virágcserép
20260915_101134-008,Barna kúpos kerek virágcserép – közepes jobb szélső halom,,Virágcserép
20260915_101134-009,Fekete kerek cserépalátét – kicsi látható méret,,Cserépalátét
20260915_101134-010,Fekete kerek cserépalátét – közepes látható méret,,Cserépalátét
20260915_101134-011,Fekete kerek cserépalátét – nagy látható méret,,Cserépalátét
20260915_101134-012,Fehér kerek cserépalátét – legkisebb látható méret,,Cserépalátét
20260915_101134-013,Fehér kerek cserépalátét – kicsi látható méret,,Cserépalátét
20260915_101134-014,Fehér kerek cserépalátét – közepes látható méret,,Cserépalátét
20260915_101134-015,Fehér kerek cserépalátét – nagy látható méret,,Cserépalátét
20260915_101134-016,Fehér kerek cserépalátét – extra nagy látható méret,,Cserépalátét
20260915_101134-017,Fehér kerek cserépalátét – legszélesebb alsó halom,,Cserépalátét
20260915_101134-018,Terrakotta színű kerek cserépalátét – legkisebb látható méret,,Cserépalátét
20260915_101134-019,Terrakotta színű kerek cserépalátét – kicsi látható méret,,Cserépalátét
20260915_101134-020,Terrakotta színű kerek cserépalátét – közepes látható méret,,Cserépalátét
20260915_101134-021,Terrakotta színű kerek cserépalátét – nagy látható méret,,Cserépalátét
20260915_101134-022,Terrakotta színű kerek cserépalátét – extra nagy hátsó halom,,Cserépalátét
20260915_101134-023,Terrakotta színű kerek cserépalátét – keskeny jobb szélső halom,,Cserépalátét
20260915_101134-024,Horganyzott fém locsolókanna,,Locsolókanna
20260915_101134-025,Zöld műanyag locsoló kanna – részben takarásban at padlószint,,Locsolókanna
20260915_101134-026,Kerti ásványi műtrágya – 5 kg MAGYAR 1931 ÓTA MŰTRÁGYA embléma (az összetétel nem olvasható),,Műtrágya
20260915_101134-027,Vasgálic (vas-szulfát) – 5 kg,,Vasgálic / kerti kezelőszer
20260915_101138-001,Terrakotta színű függőlegesen bordázott kerek virágcserép – kicsi felső polci kivitel,,Virágcserép
20260915_101138-002,Terrakotta színű függőlegesen bordázott kerek virágcserép – nagy felső polci kivitel,,Virágcserép
20260915_101138-003,Szürke függőlegesen bordázott kerek virágcserép,,Virágcserép
20260915_101138-004,Terrakotta színű karéjos korládláda – felül részben levágva,,Korládláda
20260915_101138-005,Szürke karéjos korládláda – felül részben levágva,,Korládláda
20260915_101138-006,Terrakotta színű kúpos négyzetes virágcserép – nagy,,Virágcserép
20260915_101138-007,Antracit kúpos négyzetes virágcserép – nagy,,Virágcserép
20260915_101138-008,Terrakotta színű kúpos négyzetes virágcserép – közepes,,Virágcserép
20260915_101138-009,Antracit kúpos négyzetes virágcserép – közepes,,Virágcserép
20260915_101138-010,Terrakotta színű kúpos négyzetes virágcserép – kicsi,,Virágcserép
20260915_101138-011,Antracit kúpos négyzetes virágcserép – kicsi,,Virágcserép
20260915_101138-012,Szürkésbarna kúpos négyzetes virágcserép – kicsi,,Virágcserép
20260915_101138-013,Antracit lekerekített függő virágcserép – nagy,,Függő virágtartó
20260915_101138-014,Terrakotta színű akasztós függő virágcserép – nagy,,Függő virágtartó
20260915_101138-015,Szürkésbarna akasztós függő virágcserép – nagy,,Függő virágtartó
20260915_101138-016,Antracit lekerekített akasztós függő virágcserép – kisebb jobb oldali kivitel,,Függő virágtartó
20260915_101138-017,Fehér akasztós függő virágcserép – kisebb jobb oldali kivitel,,Függő virágtartó
20260915_101138-018,Terrakotta színű hengeres virágcserép – részben levágva bal középső szél,,Virágcserép
20260915_101138-019,Fehér kúpos kerek virágcserép – legkisebb látható méret,,Virágcserép
20260915_101138-020,Fehér kúpos kerek virágcserép – kicsi látható méret,,Virágcserép
20260915_101138-021,Fehér kúpos kerek virágcserép – közepes látható méret,,Virágcserép
20260915_101138-022,Fehér kúpos kerek virágcserép – nagy látható méret,,Virágcserép
20260915_101138-023,Fehér kúpos kerek virágcserép – legnagyobb hátsó kivitel,,Virágcserép
20260915_101138-024,Terrakotta színű kúpos kerek virágcserép – legkisebb látható méret,,Virágcserép
20260915_101138-025,Terrakotta színű kúpos kerek virágcserép – kicsi látható méret,,Virágcserép
20260915_101138-026,Terrakotta színű kúpos kerek virágcserép – közepes látható méret,,Virágcserép
20260915_101138-027,Terrakotta színű kúpos kerek virágcserép – legnagyobb széles kivitel,,Virágcserép
20260915_101138-028,Terrakotta színű kúpos kerek virágcserép – magas keskeny kivitel,,Virágcserép
20260915_101138-029,Barna kúpos kerek virágcserép – nagy széles kivitel,,Virágcserép
20260915_101138-030,Barna kúpos kerek virágcserép – közepes széles kivitel,,Virágcserép
20260915_101138-031,Terrakotta színű kúpos kerek virágcserép – keskeny right-front kivitel,,Virágcserép
20260915_101138-032,Fekete kúpos kerek virágcserép – nagy jobb hátsó kivitel,,Virágcserép
20260915_101138-033,Fekete kúpos kerek virágcserép – kisebb jobb hátsó kivitel,,Virágcserép
20260915_101140-001,Élénkzöld bordázott locsoló kanna fekete szórófejjel,,Locsolókanna
20260915_101140-002,Élénkzöld bordázott locsoló kanna lépcsős kialakítású csőrrel,,Locsolókanna
20260915_101140-003,Sötétzöld hosszú csőrű locsolókanna – lekerekített oldalsó fogantyús kivitel,,Locsolókanna
20260915_101140-004,"Ezüstszínű hengeres, hosszú csőrű locsolókanna",,Locsolókanna
20260915_101140-005,Zöld téglalap alakú láda virágtartó – top-jobb szél,,Balkonláda
20260915_101140-006,Terrakotta színű függőlegesen bordázott kerek virágcserép – kicsi,,Virágcserép
20260915_101140-007,Szürke függőlegesen bordázott kerek virágcserép – kicsi,,Virágcserép
20260915_101140-008,Terrakotta színű függőlegesen bordázott kerek virágcserép – közepes,,Virágcserép
20260915_101140-009,Szürke függőlegesen bordázott kerek virágcserép – közepes,,Virágcserép
20260915_101140-010,Terrakotta színű függőlegesen bordázott kerek virágcserép – nagy,,Virágcserép
20260915_101140-011,Szürke függőlegesen bordázott kerek virágcserép – nagy,,Virágcserép
20260915_101140-012,Terrakotta színű karéjos korládláda,,Korládláda
20260915_101140-013,Szürke karéjos korládláda,,Korládláda
20260915_101140-014,Terrakotta színű lekerekített sarkú kúpos négyzetes virágcserép – nagy jobb oldali halom,,Virágcserép
20260915_101140-015,Terrakotta színű kúpos négyzetes virágcserép – nagy alsó polci kivitel,,Virágcserép
20260915_101140-016,Antracit kúpos négyzetes virágcserép – nagy alsó polci kivitel,,Virágcserép
20260915_101140-017,Terrakotta színű kúpos négyzetes virágcserép – közepes alsó polci kivitel,,Virágcserép
20260915_101140-018,Antracit kúpos négyzetes virágcserép – közepes alsó polci kivitel,,Virágcserép
20260915_101140-019,Terrakotta színű kúpos négyzetes virágcserép – kicsi alsó polci kivitel,,Virágcserép
20260915_101140-020,Szürkésbarna kúpos négyzetes virágcserép – kicsi alsó polci kivitel,,Virágcserép
20260915_101140-021,Antracit lekerekített függő virágcserép – nagy,,Függő virágtartó
20260915_101140-022,Terrakotta színű akasztós függő virágcserép – alsó szél,,Függő virágtartó
20260915_101140-023,Antracit lekerekített függő virágcserép – kisebb jobb oldali kivitel,,Függő virágtartó
20260915_101140-024,Barna magas kerek virágcserép – alsó jobb szél,,Virágcserép
20260915_101144-001,Terrakotta színű kúpos kerek virágcserép – legkisebb keskeny kivitel,,Virágcserép
20260915_101144-002,Terrakotta színű kúpos kerek virágcserép – kicsi keskeny kivitel,,Virágcserép
20260915_101144-003,Terrakotta színű kúpos kerek virágcserép – közepes kivitel,,Virágcserép
20260915_101144-004,Antracit kúpos kerek virágcserép – közepes kivitel,,Virágcserép
20260915_101144-005,Terrakotta színű kúpos kerek virágcserép – nagy bal középső kivitel,,Virágcserép
20260915_101144-006,Terrakotta színű kúpos kerek virágcserép – nagy jobb középső kivitel,,Virágcserép
20260915_101144-007,Terrakotta színű kúpos kerek virágcserép – legnagyobb jobb oldali kivitel,,Virágcserép
20260915_101144-008,Antracit kúpos kerek virágcserép – kicsi bal hátsó kivitel,,Virágcserép
20260915_101144-009,Antracit kúpos kerek virágcserép – nagy hátsó középső kivitel,,Virágcserép
20260915_101144-010,Antracit kúpos kerek virágcserép – legnagyobb jobb hátsó kivitel,,Virágcserép
20260915_101144-011,Terrakotta színű sekély kerek tál – felső jobb,,Tál alakú virágtartó
20260915_101144-012,Antracit sekély kerek tál – felső jobb,,Tál alakú virágtartó
20260915_101144-013,Terrakotta színű kerek cserépalátét – legkisebb látható méret,,Cserépalátét
20260915_101144-014,Terrakotta színű kerek cserépalátét – kicsi látható méret,,Cserépalátét
20260915_101144-015,Terrakotta színű kerek cserépalátét – közepes látható méret,,Cserépalátét
20260915_101144-016,Terrakotta színű kerek cserépalátét – nagy látható méret,,Cserépalátét
20260915_101144-017,Terrakotta színű kerek cserépalátét – extra nagy látható méret,,Cserépalátét
20260915_101144-018,Terrakotta színű mély kerek tál – nagy,,Tál alakú virágtartó
20260915_101144-019,Terrakotta színű kis hengeres virágcserép – elülső bal,,Virágcserép
20260915_101144-020,Terrakotta színű miniatűr hengeres virágcserép – bal szélső rész,,Virágcserép
20260915_101144-021,Fehér mély kerek tál – elülső középső,,Tál alakú virágtartó
20260915_101144-022,Fehér kerek cserépalátét – kicsi látható méret,,Cserépalátét
20260915_101144-023,Fehér kerek cserépalátét – közepes látható méret,,Cserépalátét
20260915_101144-024,Fehér kerek cserépalátét – nagy látható méret,,Cserépalátét
20260915_101144-025,Fehér kerek cserépalátét – extra nagy látható méret,,Cserépalátét
20260915_101144-026,Fehér kis hengeres virágcserép – hátsó középső,,Virágcserép
20260915_101144-027,Szürkésbarna kis hengeres virágcserép – elülső jobb,,Virágcserép
20260915_101144-028,Szürkésbarna kerek cserépalátét – kicsi látható méret,,Cserépalátét
20260915_101144-029,Szürkésbarna kerek cserépalátét – közepes látható méret,,Cserépalátét
20260915_101144-030,Szürkésbarna kerek cserépalátét – nagy látható méret,,Cserépalátét
20260915_101144-031,Szürkésbarna kerek cserépalátét – extra nagy látható méret,,Cserépalátét
20260915_101144-032,Zöld hosszú csőrű műanyag locsolókanna – lekerekített test,,Locsolókanna
20260915_101144-033,Fekete ovális bordázott locsolókanna – kisebb látható méret,,Locsolókanna
20260915_101144-034,Fekete ovális bordázott locsolókanna – nagyobb látható méret,,Locsolókanna
20260915_101144-035,Sötétzöld ovális locsolókanna nyitott töltőnyílással és ívelt fogantyúval,,Locsolókanna
20260915_101144-036,Vasgálic (vas-szulfát) – részben látható zsákok at bal,,Vasgálic / kerti kezelőszer
20260915_101147-001,Fehér kúpos négyzetes virágcserép – nagy bal oldali kivitel,,Virágcserép
20260915_101147-002,Antracit kúpos négyzetes virágcserép – nagy bal oldali kivitel,,Virágcserép
20260915_101147-003,Fehér kúpos négyzetes virágcserép – kisebb középső kivitel,,Virágcserép
20260915_101147-004,Terrakotta színű kúpos négyzetes virágcserép – jobb oldali kivitel,,Virágcserép
20260915_101147-005,Antracit kúpos négyzetes virágcserép – jobb oldali kivitel,,Virágcserép
20260915_101147-006,Antracit akasztós függő virágcserép – nagy bal oldali kivitel,,Függő virágtartó
20260915_101147-007,Fehér akasztós függő virágcserép – nagy bal oldali kivitel,,Függő virágtartó
20260915_101147-008,Terrakotta színű akasztós függő virágcserép – kisebb bal középső kivitel,,Függő virágtartó
20260915_101147-009,Szürkésbarna akasztós függő virágcserép – kisebb bal középső kivitel,,Függő virágtartó
20260915_101147-010,Szürkésbarna akasztós függő virágcserép – közepes középső kivitel,,Függő virágtartó
20260915_101147-011,Fehér akasztós függő virágcserép – közepes középső kivitel,,Függő virágtartó
20260915_101147-012,Antracit akasztós függő virágcserép – közepes középső kivitel,,Függő virágtartó
20260915_101147-013,"Terrakotta színű magas, kúpos kerek virágcserép széles peremmel",,Virágcserép
20260915_101147-014,"Fehér magas, kúpos kerek virágcserép széles peremmel",,Virágcserép
20260915_101147-015,Terrakotta színű lekerekített tál alakú virágtartó,,Tál alakú virágtartó
20260915_101147-016,Szürkésbarna lekerekített tál alakú virágtartó – részben látható at jobb,,Tál alakú virágtartó
20260915_101147-017,Terrakotta színű kúpos kerek virágcserép – kicsi bal alsó kivitel,,Virágcserép
20260915_101147-018,Terrakotta színű kúpos kerek virágcserép – közepes bal alsó kivitel,,Virágcserép
20260915_101147-019,Terrakotta színű kúpos kerek virágcserép – keskeny alsó középső kivitel,,Virágcserép
20260915_101147-020,Terrakotta színű kúpos kerek virágcserép – nagy alsó középső kivitel,,Virágcserép
20260915_101147-021,Terrakotta színű kúpos kerek virágcserép – nagy jobb alsó kivitel,,Virágcserép
20260915_101147-022,Terrakotta színű kúpos kerek virágcserép – legnagyobb jobb alsó kivitel,,Virágcserép
20260915_101147-023,Antracit kúpos kerek virágcserép – részben takarásban bal alsó kivitel,,Virágcserép
20260915_101147-024,Antracit kúpos kerek virágcserép – részben takarásban jobb alsó kivitel,,Virágcserép
20260915_101149-001,Sötétzöld hosszú csőrű locsolókanna ívelt fogantyúval,,Locsolókanna
20260915_101149-002,Zöld téglalap alakú műanyag kád széles peremmel,,Műanyag kád / tálca
20260915_101149-003,Fehér nagy formázott műanyag lavór – fejjel lefelé fordítva (pontos rendeltetése bizonytalan),,Műanyag lavór – bizonytalan azonosítás
20260915_101149-004,Terrakotta színű kúpos négyzetes virágcserép – nagy bal halom,,Virágcserép
20260915_101149-005,Szürkésbarna kúpos négyzetes virágcserép – bal halom,,Virágcserép
20260915_101149-006,Fehér kúpos négyzetes virágcserép – bal halom,,Virágcserép
20260915_101149-007,Antracit kúpos négyzetes virágcserép – nagy bal középső halom,,Virágcserép
20260915_101149-008,"Terrakotta színű kúpos négyzetes virágcserép – kicsi különálló, fejjel lefelé fordított virágcserép",,Virágcserép
20260915_101149-009,Fehér kúpos négyzetes virágcserép – kisebb középső halom,,Virágcserép
20260915_101149-010,Terrakotta színű kúpos négyzetes virágcserép – jobb halom,,Virágcserép
20260915_101149-011,Szürkésbarna kúpos négyzetes virágcserép – jobb halom,,Virágcserép
20260915_101149-012,Antracit kúpos négyzetes virágcserép – jobb halom,,Virágcserép
20260915_101149-013,Antracit lekerekített függőcserép-test – bal alsó szél,,Függő virágtartó
20260915_101149-014,Terrakotta színű lekerekített függőcserép-test – alsó szél,,Függő virágtartó
20260915_101149-015,Szürkésbarna lekerekített függőcserép-test – alsó szél,,Függő virágtartó
20260915_101149-016,Terrakotta színű magas kerek virágcserép széles peremmel – alsó szél,,Virágcserép
20260915_101149-017,Fehér magas kerek virágcserép széles peremmel – alsó szél,,Virágcserép
20260915_101149-018,Terrakotta színű tál alakú virágtartó – alsó jobb,,Tál alakú virágtartó
20260915_101153-001,Terrakotta színű kúpos virágcserép – kicsi bal kivitel,,Virágcserép
20260915_101153-002,Terrakotta színű kúpos virágcserép – nagy bal kivitel,,Virágcserép
20260915_101153-003,Antracit keskeny kúpos virágcserép,,Virágcserép
20260915_101153-004,Antracit lekerekített tál alakú virágcserép – kicsi,,Tál alakú virágtartó
20260915_101153-005,Terrakotta színű lekerekített tál alakú virágcserép – kicsi,,Tál alakú virágtartó
20260915_101153-006,Antracit lekerekített tál alakú virágcserép – közepes,,Tál alakú virágtartó
20260915_101153-007,Terrakotta színű lekerekített tál alakú virágcserép – közepes,,Tál alakú virágtartó
20260915_101153-008,Antracit lekerekített tál alakú virágcserép – nagy,,Tál alakú virágtartó
20260915_101153-009,Terrakotta színű lekerekített tál alakú virágcserép – nagy,,Tál alakú virágtartó
20260915_101153-010,Szürkésbarna lekerekített tál alakú virágcserép – közepes,,Tál alakú virágtartó
20260915_101153-011,Szürkésbarna lekerekített tál alakú virágcserép – nagy,,Tál alakú virágtartó
20260915_101153-012,Antracit miniatűr tál alakú virágcserép vízelvezető nyílásokkal,,Tál alakú virágtartó
20260915_101153-013,Terrakotta színű miniatűr tál alakú virágcserép,,Tál alakú virágtartó
20260915_101153-014,Fehér lapos hátú fali tálkaspó – kicsi,,Fali virágtartó
20260915_101153-015,Fehér lapos hátú fali tálkaspó – közepes,,Fali virágtartó
20260915_101153-016,Fehér lapos hátú fali tálkaspó – nagy,,Fali virágtartó
20260915_101153-017,Szürkésbarna lapos hátú fali tálkaspó – kicsi,,Fali virágtartó
20260915_101153-018,Szürkésbarna lapos hátú fali tálkaspó – közepes,,Fali virágtartó
20260915_101153-019,Szürkésbarna lapos hátú fali tálkaspó – nagy,,Fali virágtartó
20260915_101153-020,Antracit lapos hátú fali tálkaspó – kicsi,,Fali virágtartó
20260915_101153-021,Antracit lapos hátú fali tálkaspó – közepes,,Fali virágtartó
20260915_101153-022,Antracit lapos hátú fali tálkaspó – nagy,,Fali virágtartó
20260915_101153-023,Terrakotta színű akasztófüles fali virágcserép – kicsi,,Fali virágtartó
20260915_101153-024,Terrakotta színű akasztófüles fali virágcserép – nagy,,Fali virágtartó
20260915_101153-025,Fehér kis hengeres virágcserép,,Virágcserép
20260915_101153-026,Szürkésbarna kis hengeres virágcserép,,Virágcserép
20260915_101153-027,Antracit kis hengeres virágcserép,,Virágcserép
20260915_101153-028,Fekete ovális locsolókanna nyitott töltőnyílással – kisebb kivitel,,Locsolókanna
20260915_101153-029,Fekete ovális locsolókanna nyitott töltőnyílással – nagyobb kivitel,,Locsolókanna
20260915_101153-030,Zöld ovális locsolókanna nyitott töltőnyílással,,Locsolókanna
20260915_101153-031,Zöld keskeny locsolókanna szórófejjel,,Locsolókanna
20260915_101153-032,Sárga kis locsolókanna szórófejjel,,Locsolókanna
20260915_101153-033,Világoskék keskeny csőrű locsolókancsó,,Locsolókancsó
20260915_101153-034,Halvány rózsaszín keskeny csőrű locsolókancsó,,Locsolókancsó
20260915_101153-035,Fehér kerek cserépalátétek – felső szél (méretek részben levágva),,Cserépalátét
20260915_101153-036,Terrakotta színű kerek cserépalátétek – felső szél (méretek részben levágva),,Cserépalátét
20260915_101153-037,Szürkésbarna kerek cserépalátétek – felső szél (méretek részben levágva),,Cserépalátét
20260915_101153-038,Antracit kerek cserépalátétek – felső szél (méretek részben levágva),,Cserépalátét
20260915_101155-001,Szürkésbarna kúpos négyzetes virágcserép – nagy,,Virágcserép
20260915_101155-002,Antracit kúpos négyzetes virágcserép – nagy,,Virágcserép
20260915_101155-003,Sötétbarna kúpos négyzetes virágcserép – nagy,,Virágcserép
20260915_101155-004,Szürkésbarna kúpos négyzetes virágcserép – kicsi jobb oldali kivitel,,Virágcserép
20260915_101155-005,Antracit kúpos négyzetes virágcserép – kicsi jobb oldali kivitel,,Virágcserép
20260915_101155-006,Fehér kúpos négyzetes virágcserép – kicsi,,Virágcserép
20260915_101155-007,Terrakotta színű kúpos négyzetes virágcserép – kicsi,,Virágcserép
20260915_101155-008,Antracit sekély lekerekített sarkú négyzetes virágcserép – középső halom,,Virágcserép
20260915_101155-009,Szürkésbarna sekély lekerekített sarkú négyzetes virágcserép – középső halom,,Virágcserép
20260915_101155-010,Fehér sekély lekerekített sarkú négyzetes virágcserép – középső halom,,Virágcserép
20260915_101155-011,Terrakotta színű sekély lekerekített sarkú négyzetes virágcserép – középső halom,,Virágcserép
20260915_101155-012,Fehér sekély téglalap alakú tálca – felső polc szél,,Virágláda alátét
20260915_101155-013,"Terrakotta színű magas, kúpos kerek virágcserép széles peremmel",,Virágcserép
20260915_101155-014,"Fehér magas, kúpos kerek virágcserép széles peremmel",,Virágcserép
20260915_101155-015,Terrakotta színű lekerekített tál alakú virágcserép – nagy bal középső kivitel,,Tál alakú virágtartó
20260915_101155-016,Terrakotta színű lekerekített tál alakú virágcserép – kisebb hátsó kivitel,,Tál alakú virágtartó
20260915_101155-017,Szürkésbarna lekerekített tál alakú virágcserép – bal középső kivitel,,Tál alakú virágtartó
20260915_101155-018,Antracit lekerekített tál alakú virágcserép – bal középső kivitel,,Tál alakú virágtartó
20260915_101155-019,Fehér függőlegesen bordázott tál alakú virágcserép – nagy,,Tál alakú virágtartó
20260915_101155-020,Terrakotta színű függőlegesen bordázott tál alakú virágcserép – nagy,,Tál alakú virágtartó
20260915_101155-021,Antracit függőlegesen bordázott tál alakú virágcserép – nagy,,Tál alakú virágtartó
20260915_101155-022,Szürkésbarna függőlegesen bordázott tál alakú virágcserép – nagy,,Tál alakú virágtartó
20260915_101155-023,Szürke függőlegesen bordázott tál alakú virágcserép – közepes,,Tál alakú virágtartó
20260915_101155-024,Antracit függőlegesen bordázott tál alakú virágcserép – közepes,,Tál alakú virágtartó
20260915_101155-025,Szürkésbarna függőlegesen bordázott tál alakú virágcserép – közepes,,Tál alakú virágtartó
20260915_101155-026,Fehér függőlegesen bordázott tál alakú virágcserép – közepes,,Tál alakú virágtartó
20260915_101155-027,Terrakotta színű függőlegesen bordázott tál alakú virágcserép – közepes,,Tál alakú virágtartó
20260915_101155-028,Fehér függőlegesen bordázott tál alakú virágcserép – kicsi,,Tál alakú virágtartó
20260915_101155-029,Fehér sima tál alakú virágcserép – jobb szél,,Tál alakú virágtartó
20260915_101155-030,Terrakotta színű kúpos virágcserép – kicsi bal alsó kivitel,,Virágcserép
20260915_101155-031,Terrakotta színű kúpos virágcserép – nagy bal alsó kivitel,,Virágcserép
20260915_101155-032,Antracit keskeny kúpos virágcserép – alsó polc,,Virágcserép
20260915_101155-033,Antracit lekerekített tál alakú virágcserép – kicsi alsó polci kivitel,,Tál alakú virágtartó
20260915_101155-034,Terrakotta színű lekerekített tál alakú virágcserép – kicsi alsó polci kivitel,,Tál alakú virágtartó
20260915_101155-035,Antracit lekerekített tál alakú virágcserép – közepes alsó polci kivitel,,Tál alakú virágtartó
20260915_101155-036,Terrakotta színű lekerekített tál alakú virágcserép – közepes alsó polci kivitel,,Tál alakú virágtartó
20260915_101155-037,Antracit lekerekített tál alakú virágcserép – nagy alsó polci kivitel,,Tál alakú virágtartó
20260915_101155-038,Terrakotta színű lekerekített tál alakú virágcserép – nagy alsó polci kivitel,,Tál alakú virágtartó
20260915_101155-039,Szürkésbarna lekerekített tál alakú virágcserép – nagy jobb alsó kivitel,,Tál alakú virágtartó
20260915_101155-040,Szürkésbarna lekerekített tál alakú virágcserép – közepes jobb alsó kivitel,,Tál alakú virágtartó
20260915_101155-041,Antracit miniatűr tál alakú virágcserép vízelvezető nyílásokkal,,Tál alakú virágtartó
20260915_101155-042,Terrakotta színű miniatűr tál alakú virágcserép,,Tál alakú virágtartó
20260915_101157-001,Fehér nagy formázott téglalap alakú műanyag lavór – fejjel lefelé fordítva (pontos rendeltetése bizonytalan),,Műanyag lavór – bizonytalan azonosítás
20260915_101157-002,Fehér téglalap alakú virágláda hozzáillő alátéttel,,Téglalap alakú virágláda
20260915_101157-003,Fekete téglalap alakú virágláda hozzáillő alátéttel,,Téglalap alakú virágláda
20260915_101157-004,Zöld téglalap alakú műanyag kád – a bal felső szélen részben levágva,,Műanyag kád / tálca
20260915_101157-005,Szürkésbarna kúpos négyzetes virágcserép – nagy,,Virágcserép
20260915_101157-006,Antracit kúpos négyzetes virágcserép – nagy,,Virágcserép
20260915_101157-007,Sötétbarna kúpos négyzetes virágcserép – nagy,,Virágcserép
20260915_101157-008,Terrakotta színű kúpos négyzetes virágcserép – nagy bal szélső kivitel,,Virágcserép
20260915_101157-009,Antracit sekély lekerekített sarkú négyzetes virágcserép – középső halom,,Virágcserép
20260915_101157-010,Szürkésbarna sekély lekerekített sarkú négyzetes virágcserép – középső halom,,Virágcserép
20260915_101157-011,Fehér sekély lekerekített sarkú négyzetes virágcserép – középső halom,,Virágcserép
20260915_101157-012,Terrakotta színű sekély lekerekített sarkú négyzetes virágcserép – középső halom,,Virágcserép
20260915_101157-013,Terrakotta színű kúpos négyzetes virágcserép – kicsi,,Virágcserép
20260915_101157-014,Fehér kúpos négyzetes virágcserép – kicsi,,Virágcserép
20260915_101157-015,Antracit kúpos négyzetes virágcserép – kicsi,,Virágcserép
20260915_101157-016,Szürkésbarna kúpos négyzetes virágcserép – kicsi,,Virágcserép
20260915_101157-017,Fehér kúpos négyzetes virágcserép – miniatűr jobb oldali kivitel,,Virágcserép
20260915_101157-018,Fehér négyzetes cserépalátét – beneath miniatűr virágcserepek,,Cserépalátét
20260915_101157-019,Terrakotta színű téglalap alakú virágtartó – jobb szél,,Téglalap alakú virágláda
20260915_101157-020,"Terrakotta színű magas, kúpos kerek virágcserép széles peremmel – alsó bal",,Virágcserép
20260915_101157-021,"Fehér magas, kúpos kerek virágcserép széles peremmel – alsó bal",,Virágcserép
20260915_101157-022,Terrakotta színű lekerekített tál alakú virágcserép – alsó bal,,Tál alakú virágtartó
20260915_101157-023,Szürkésbarna lekerekített tál alakú virágcserép – alsó bal,,Tál alakú virágtartó
20260915_101157-024,Fehér függőlegesen bordázott tál alakú virágcserép – nagy,,Tál alakú virágtartó
20260915_101157-025,Antracit függőlegesen bordázott tál alakú virágcserép – nagy,,Tál alakú virágtartó
20260915_101157-026,Szürkésbarna függőlegesen bordázott tál alakú virágcserép – nagy (részben levágva),,Tál alakú virágtartó
20260915_101157-027,Szürke függőlegesen bordázott tál alakú virágcserép – közepes,,Tál alakú virágtartó
20260915_101157-028,Fehér függőlegesen bordázott tál alakú virágcserép – közepes,,Tál alakú virágtartó
20260915_101157-029,Terrakotta színű függőlegesen bordázott tál alakú virágcserép – közepes,,Tál alakú virágtartó
20260915_101157-030,Fehér függőlegesen bordázott tál alakú virágcserép – kicsi,,Tál alakú virágtartó
20260915_101157-031,Fehér sima tál alakú virágcserép – alsó jobb szél,,Tál alakú virágtartó
20260915_101202-001,Fehér kályhacső – polc címke 105/80 (mértékegység nem látható),,Kályha-/füstcső
20260915_101202-002,Fehér kályhacső – polc címke 105/40 (mértékegység nem látható),,Kályha-/füstcső
20260915_101202-003,Fekete kályhacső – hosszú csomagolt kivitel,,Kályha-/füstcső
20260915_101202-004,Fekete kályhacső – rövidebb csomagolt kivitel,,Kályha-/füstcső
20260915_101202-005,Fényes barna kályhacső,,Kályha-/füstcső
20260915_101202-006,Matt szürke egyenes kályhacső,,Kályha-/füstcső
20260915_101202-007,Fekete kályhacső könyök – polc címke 120as (részben levágva),,Kályhacső könyök
20260915_101202-008,Fekete téglalap alakú virágláda hozzáillő alátéttel – felső bal,,Téglalap alakú virágláda
20260915_101202-009,Terrakotta színű kúpos téglalap alakú virágláda – bal halom,,Téglalap alakú virágláda
20260915_101202-010,Szürke kúpos téglalap alakú virágláda – bal halom,,Téglalap alakú virágláda
20260915_101202-011,Fehér kúpos téglalap alakú virágláda – bal halom,,Téglalap alakú virágláda
20260915_101202-012,Fehér kúpos négyzetes virágcserép – középső halom,,Virágcserép
20260915_101202-013,Fekete kúpos négyzetes virágcserép – középső halom,,Virágcserép
20260915_101202-014,Fehér sekély négyzetes cserépalátét – középső,,Cserépalátét
20260915_101202-015,Szürkésbarna sekély négyzetes cserépalátét – középső halom,,Cserépalátét
20260915_101202-016,Antracit sekély négyzetes cserépalátét – jobb középső halom,,Cserépalátét
20260915_101202-017,Terrakotta színű sekély négyzetes cserépalátét – jobb középső halom,,Cserépalátét
20260915_101202-018,Szürke hosszú téglalap alakú virágláda – jobb szél,,Téglalap alakú virágláda
20260915_101202-019,Terrakotta színű hosszú téglalap alakú virágláda – részben takarásban jobb szél,,Téglalap alakú virágláda
20260915_101202-020,Rózsaszín téglalap alakú virágtartó – jobb alsó szél,,Téglalap alakú virágláda
20260915_101202-021,Terrakotta színű lekerekített tál alakú virágcserép – alsó bal,,Tál alakú virágtartó
20260915_101202-022,Fehér lekerekített tál alakú virágcserép – bal alsó szél,,Tál alakú virágtartó
20260915_101202-023,Szürke sekély tál alakú virágcserép – alsó középső halom,,Tál alakú virágtartó
20260915_101202-024,Szürkésbarna sekély tál alakú virágcserép – alsó középső halom,,Tál alakú virágtartó
20260915_101202-025,Antracit sekély tál alakú virágcserép – alsó középső halom,,Tál alakú virágtartó
20260915_101202-026,Lilásszürke sekély tál alakú virágcserép – jobb alsó halom,,Tál alakú virágtartó
20260915_101202-027,Krém kifelé szélesedő tál alakú virágcserép – alsó jobb,,Tál alakú virágtartó
20260915_101202-028,Fehér kifelé szélesedő tál alakú virágcserép – alsó jobb,,Tál alakú virágtartó
20260915_101202-029,Fehér magas keskeny kúpos virágcserép – alsó szél,,Virágcserép
20260915_101202-030,Szürkésbarna magas keskeny kúpos virágcserép – alsó szél,,Virágcserép
20260915_101202-031,Lila keskeny kúpos virágcserép – alsó szél,,Virágcserép
20260915_101202-032,Fehér függő virágtartó tartópántjai – kötegelve,,Függő virágtartó kiegészítő
20260915_101202-033,Barna függő virágtartó tartópántjai – kötegelve,,Függő virágtartó kiegészítő
20260915_101512-001,Metaltex sütikiszúró készlet,"Metaltex márkájú, többféle formájú műanyag sütikiszúró készlet kartonlapon.",Sütikiszúró
20260915_101512-002,Muffinpapír / cupcake kapszli készlet,Több darabos muffin- vagy cupcake-papír kapszli készlet.,Sütési kellék
20260915_101512-003,Fém habverő,"Kézi, fém fejű habverő konyhai használatra.",Konyhai eszköz
20260915_101512-004,Fokhagymanyomó,Fém kézi fokhagymanyomó.,Konyhai eszköz
20260915_101512-005,Pizzavágó / tésztavágó kerék,"Piros színű, kerek pengés pizzaszeletelő vagy tésztavágó eszköz.",Konyhai eszköz
20260915_101512-006,Zöldséghámozó,Kézi hámozó zöldségek és gyümölcsök tisztításához.,Konyhai eszköz
20260915_101512-007,Reszelő,Kis méretű fém konyhai reszelő.,Konyhai eszköz
20260915_101512-008,Fagylaltos / adagoló kanál,"Kanál formájú, adagoló jellegű konyhai eszköz.",Konyhai eszköz
20260915_101512-009,Konyhai olló,Konyhai feladatokra használható olló csomagolásban.,Konyhai eszköz
20260915_101512-010,Mérőkanál vagy kis konyhai kanál készlet,"Kisebb méretű, akasztós kiszerelésű konyhai segédeszközök.",Konyhai eszköz
20260915_101512-011,Szilikon spatula / kenőlapát,Szilikon fejű spatula vagy kenőlapát.,Konyhai eszköz
20260915_101512-012,Fém húscsipesz,Fém csipesz tálaláshoz vagy sütéshez.,Konyhai eszköz
20260915_101512-013,Diótörő,Fém diótörő eszköz.,Konyhai eszköz
20260915_101512-014,Műanyag spatula készlet,Piros színű műanyag sütő- vagy tálaló spatulák szettben.,Konyhai eszköz
20260915_101512-015,Kések / hámozók vegyes csomagban,Több kis kézi vágó- vagy hámozóeszköz vegyesen a pegboardon.,Konyhai eszköz
20260915_101512-016,Fakanál csomag,Fa nyelű vagy teljesen fa konyhai keverőeszközök csomagban.,Fakanál
20260915_101512-017,Bambusznyárs csomag,"Hosszú bambusz pálcikák, nyársak csomagolva.",Grillezési kellék
20260915_101512-018,Habzsák / díszítőzsák,"Átlátszó, tölcsérszerű habzsákok vagy díszítőzsákok sütéshez.",Sütési kellék
20260915_101512-019,Kis fehér műanyag vödör,"Kis méretű, fehér műanyag vödör vagy tárolóedény.",Műanyag tároló
20260915_101512-020,Kéztörlő / konyharuha mintás,"Összehajtott, mintás textil konyharuha vagy törlőkendő.",Konyhai textil
20260915_101512-021,Kéztörlő / konyharuha fehér,Egyszínű vagy egyszerű mintás fehér konyharuhák.,Konyhai textil
20260915_101512-022,Mikroszálas törlőkendő csomag,Több darabos háztartási törlőkendő vagy konyhai kendő.,Takarítókendő
20260915_101512-023,"Műanyag tányér / tálca – nagy, lapos","Nagy méretű, lapos műanyag tálca vagy tányér többféle színben.",Műanyag tálca
20260915_101512-024,Műanyag lavór / mosdótál,"Nagy, mély műanyag lavórok egymásba rakva.",Műanyag lavór
20260915_101512-025,Műanyag fedeles doboz vagy tárolóedény,"Felső polcon látható nagyobb, szögletes műanyag tárolóedények.",Műanyag tároló
20260915_101512-026,Műanyag szemetes vagy papírkosár,"Felső polcon látható magasabb, hengeres vagy szögletes műanyag edény.",Háztartási műanyag áru
20260915_101512-027,Levendulaszín szegélyű műanyag kosár / vödör,"Fehér színű, lila peremű és fogantyús műanyag tárolóedény.",Műanyag tároló
20260915_101512-028,Tölcsér készlet,Több darabos műanyag tölcsérek a középső polcon.,Konyhai eszköz
20260915_101512-029,Műanyag csipeszek vegyesen,Kisebb háztartási csipeszek vagy rögzítőelemek vegyes csomagolásban.,Háztartási kiegészítő
20260915_101512-030,Sütőrács vagy hűtőrács,Fémrács jellegű konyhai kiegészítő a pegboard jobb oldalán.,Sütési kellék
20260915_101512-031,Szeletelő / mandolin jellegű eszköz,Hosszúkás csomagolásban lévő kézi szeletelő vagy aprító eszköz.,Konyhai eszköz
20260915_101512-032,Ecset vagy konyhai kenőecset,Kisebb ecsetszerű eszközök sütéshez vagy háztartási használatra.,Konyhai eszköz
20260915_101512-033,Műanyag tál készlet,Kerek műanyag tálak egymásba rakva a jobb oldali polcon.,Műanyag tál
20260915_101512-034,Ovális műanyag tálalóedény,Ovális formájú műanyag tál vagy kínálóedény a jobb oldali polcon.,Műanyag tál
20260915_101512-035,Tapadásmentes sütőforma / tortaforma,"Sötét színű, lapos, kerek vagy ovális sütőformák egymásra rakva.",Sütőforma
20260915_101512-036,Kis háztartási kosár,Kisebb műanyag kosár vagy rendszerező a bal alsó polcon.,Műanyag tároló
20260915_101512-037,Partvis- vagy felmosónyél,Hosszabb nyelek vagy rudak a középső alsó részen kötegelve.,Háztartási nyél
20260915_101512-038,Színes karikák / peremes tálak,"Alsó jobb részen színes, egymásba rakott kerek műanyag termékek.",Műanyag háztartási áru
20260915_102139-001,Vetőmag tasakok,Különböző zöldség- és virágmagokat tartalmazó vetőmagcsomagok a felső polcon.,Vetőmag
20260915_102139-002,Mini digitális mérleg,"Kis méretű digitális mérleg kijelzővel, magok vagy kisebb tárgyak méréséhez.",Mérleg
20260915_102139-003,Zöld műanyag csavar- és kötőelem tároló rekesz,Egymásra helyezhető zöld műanyag tárolórekeszek aprócikkekhez.,Tárolórekesz
20260915_102139-004,Csavarok / kötőelemek vegyesen,"A zöld rekeszekben tárolt kisebb csavarok, anyák és egyéb szerelvények.",Kötőelem
20260915_102139-005,Színes alkoholos filctoll készlet,Több színű vastag alkoholos filcek vagy markerek a bal alsó tálcában.,Íróeszköz
20260915_102139-006,Fehér címke- vagy jelölőtekercs,Fehér öntapadós vagy jelölőszalag tekercsek.,Jelölőcímke
20260915_102139-007,Neonsárga jelölőszalag tekercs,Élénk sárga címke- vagy jelölőszalag tekercs.,Jelölőcímke
20260915_102139-008,Narancssárga jelölőszalag tekercs,Élénk narancssárga jelölőszalag vagy címketekercs.,Jelölőcímke
20260915_102139-009,Aero Largo cigarettahüvely,Aero Largo feliratú dobozos cigarettahüvely vagy töltőhüvely.,Dohányzási kellék
20260915_102139-010,Kis díszdoboz / apró ajándékdoboz,"Mintás, kisméretű kartondobozok a pulton.",Díszdoboz
20260915_102139-011,Fűfej figura,"Vicces, fűhajjal növeszthető kis dekorfigura cserépben.",Ajándéktárgy
20260915_102139-012,Buborékfújó henger,Gyerekeknek való buborékfújó szett hengeres műanyag csomagolásban.,Játék
20260915_102139-013,Napraforgó formájú kerti dísz / lámpa,"Napraforgó alakú dekoráció, valószínűleg kerti dísz vagy szolárlámpa.",Kerti dekoráció
20260915_102139-014,Katicás kerek díszdoboz,"Kis méretű, katicás mintás kerek dobozka.",Ajándéktárgy
20260915_102139-015,Nivea Soft testápoló / krém csomag,"Nivea Soft feliratú, dobozos kozmetikai termék.",Kozmetikum
20260915_102139-016,Zöld műanyag iránytű,Campinghez vagy túrázáshoz használható zöld színű műanyag iránytű.,Iránytű
20260915_102139-017,Kézi nagyító,Zöld keretes kézi nagyító csomagolásban.,Nagyító
20260915_102139-018,Mágneses kapocs / magnetic clip,"Zöld csomagolású, mágneses kapocs vagy rögzítőeszköz.",Irodai / háztartási kiegészítő
20260915_102139-019,Karabiner üvegtartóval,Túrázáshoz használható karabiner palacktartó pánttal.,Túrakellék
20260915_102139-020,3 darabos karabiner készlet,"Set of 3 Carabiners feliratú, háromrészes karabiner szett.",Túrakellék
20260915_102139-021,Zöld csomagolású outdoor kiegészítő,Kempingezéshez vagy kiránduláshoz való kisebb zöld csomagolású eszköz.,Túrakellék
20260915_102139-022,Fa kerti növényjelölő szettek,"Fa pálcára szerelt növényjelölők, táblácskák vagy kerti díszek üvegben.",Kertészeti kellék
20260915_102139-023,Filctollak pohárban,Több színű tollak vagy filcek műanyag pohárban.,Íróeszköz
20260915_102139-024,Technik LED zseblámpa – nagy dobozos,Technik márkájú dobozos LED zseblámpa vagy lámpaszett.,Zseblámpa
20260915_102139-025,Technik LED zseblámpa – kisebb dobozos,Sárga-fekete csomagolású Technik LED zseblámpa.,Zseblámpa
20260915_102139-026,Hengeres fekete-piros termoszbögre / utazóbögre,"Fedeles, hőszigetelt utazóbögre fekete-piros színben.",Utazóbögre
20260915_102139-027,Zsákvászon ajándéktasak / dekorzsák,"Natúr színű, zsákvászon jellegű dísz- vagy ajándéktasakok.",Dekorációs kellék
20260915_102139-028,Növénytáp zöld flakonban – piros virágos,"Zöld műanyag flakonos folyékony növénytáp, piros virágokhoz.",Növénytáp
20260915_102139-029,Növénytáp zöld flakonban – fehér virágos,Zöld flakonos folyékony tápoldat fehér virágos növényekhez.,Növénytáp
20260915_102139-030,Növénytáp zöld flakonban – rózsaszín virágos,"Zöld flakonos tápoldat dísznövényekhez, rózsaszín virágos címkével.",Növénytáp
20260915_102139-031,Növénytáp zöld flakonban – általános,Általános felhasználású folyékony növénytáp zöld flakonban.,Növénytáp
20260915_102139-032,Kis fehér fiolák / tubusok,Kis fehér műanyag fiolák vagy tubusok a pult mögött.,Háztartási / kertészeti kiegészítő
20260915_102139-033,Műanyag dokumentumtartó / prospektustartó,Átlátszó műanyag álló tartók prospektusokhoz vagy vetőmagokhoz.,Tárolóeszköz
20260915_102139-034,Lámpa vagy reflektor üvegbúrás kivitelben,Fém- és üvegfelületű lámpatest vagy világítási kiegészítő a jobb oldalon.,Világítástechnikai eszköz
