unique id,product name,product type
20260915_101117-001,Charcoal round plant-pot saucer - large visible size,Plant-pot saucer
20260915_101117-002,Charcoal round plant-pot saucer - medium visible size,Plant-pot saucer
20260915_101117-003,Charcoal round plant-pot saucer - small visible size,Plant-pot saucer
20260915_101117-004,Taupe round plant-pot saucer - large visible size,Plant-pot saucer
20260915_101117-005,Taupe round plant-pot saucer - medium visible size,Plant-pot saucer
20260915_101117-006,Taupe round plant-pot saucer - small visible size,Plant-pot saucer
20260915_101117-007,White round plant-pot saucer - large visible size,Plant-pot saucer
20260915_101117-008,White round plant-pot saucer - small visible size,Plant-pot saucer
20260915_101117-009,Dark brown round plant-pot saucer - large visible size,Plant-pot saucer
20260915_101117-010,Dark brown round plant-pot saucer - medium visible size,Plant-pot saucer
20260915_101117-011,Dark brown round plant-pot saucer - small visible size,Plant-pot saucer
20260915_101117-012,Charcoal square plant-pot saucer with rounded corners - large visible size,Plant-pot saucer
20260915_101117-013,Terracotta-coloured square plant-pot saucer with rounded corners - large visible size,Plant-pot saucer
20260915_101117-014,Taupe square plant-pot saucer with rounded corners - large visible size,Plant-pot saucer
20260915_101117-015,Charcoal square plant-pot saucer with rounded corners - medium visible size,Plant-pot saucer
20260915_101117-016,Terracotta-coloured square plant-pot saucer with rounded corners - medium visible size,Plant-pot saucer
20260915_101117-017,Taupe square plant-pot saucer with rounded corners - medium visible size,Plant-pot saucer
20260915_101117-018,Charcoal square plant-pot saucer with rounded corners - small visible size,Plant-pot saucer
20260915_101117-019,Terracotta-coloured square plant-pot saucer with rounded corners - small visible size,Plant-pot saucer
20260915_101117-020,Taupe square plant-pot saucer with rounded corners - small visible size,Plant-pot saucer
20260915_101117-021,Transparent round plastic plant pot - large visible size,Transparent plant pot
20260915_101117-022,Transparent round plastic plant pot - medium visible size,Transparent plant pot
20260915_101117-023,Transparent round plastic plant pot - small visible size,Transparent plant pot
20260915_101117-024,Transparent round plastic plant pot - narrow smallest visible size,Transparent plant pot
20260915_101117-025,White tall tapered plant-pot cover,Decorative plant-pot cover
20260915_101117-026,Translucent dark-green tall tapered plant-pot cover,Decorative plant-pot cover
20260915_101117-027,Garden fertilizer - 10 kg with flower-and-vegetable graphics and MAGYAR 1931 OTA MUTRAGYA emblem (product line and formula partly obscured),Fertilizer
20260915_101117-029,Black flower-and-vegetable printed gardening product bag - marked 5 (unit and exact contents unreadable),Bagged gardening product - identification uncertain
20260915_101117-030,Green lawn-image gardening product bag with tan back panel (exact contents unreadable),Bagged gardening product - identification uncertain
20260915_101117-031,Blue-and-white gardening product bag with leaf graphics (exact contents unreadable),Bagged gardening product - identification uncertain
20260915_101117-032,Galvanized metal watering can with top and rear handles - partly visible at left,Watering can
20260915_101117-033,Galvanized metal bucket with wire handle - large visible size,Bucket
20260915_101117-034,Galvanized metal bucket with wire handle - medium visible size,Bucket
20260915_101117-035,Galvanized metal bucket with wire handle - small foreground size,Bucket
20260915_101117-036,Orange plastic bucket with wire handle,Bucket
20260915_101117-037,Green ribbed plastic watering can with black sprinkler rose,Watering can
20260915_101117-038,Green ribbed plastic watering can with stepped spout - right-side design,Watering can
20260915_101117-039,Packaged slim green plant-support rods - inside bucket (intended use uncertain),Plant support - provisional identification
