"20260915_101614-001", "termék neve","leírás","termék típusa"
"20260915_101614-002", "Commel LED reflektor","Kültéri és műhelyvilágításhoz használható, nagy felületet megvilágító LED-es fényvető. A dönthető konzol segíti a megfelelő világítási irány beállítását.","LED reflektor"
"20260915_101614-003", "Optonica LED reflektor","Energiatakarékos LED fényvető udvarok, bejáratok, garázsok és munkaterületek megvilágításához. Kompakt háza falra vagy tartószerkezetre szerelhető.","LED reflektor"
"20260915_101614-004", "Napelemes házszám-megvilágító lámpa","Nappal napenergiával töltődik, sötétedés után pedig megvilágítja a házszámot. Olyan helyen is használható, ahol nincs kiépített hálózati vezeték.","Szolár kültéri lámpa"
"20260915_101614-005", "Hordozható szerelőlámpa védőráccsal","Kézben tartható vagy felakasztható munkalámpa szereléshez és műhelymunkához. A védőrács óvja a fényforrást a véletlen ütődésektől.","Szerelőlámpa"
"20260915_101614-006", "Kanlux SUZI HR-60 csíptetős asztali lámpa","Rugalmas nyakú, csíptetős lámpa íróasztalhoz, polchoz vagy éjjeliszekrényhez. E27-es, legfeljebb 60 W-os cserélhető fényforrással használható.","Asztali lámpa"
"20260915_101614-007", "Napelemes dekorlámpa rácsmintás burával","A mintás burán át hangulatos fényrajzot vetítő kültéri szolárlámpa. Kertben, teraszon vagy kerti út mellett dekorációként használható.","Szolár dekorlámpa"
"20260915_101614-008", "Napelemes hengeres kerti lámpa","Hengeres kialakítású kültéri fény, amely napközben feltöltődik, majd este hangulatvilágítást ad. Terasz, járda vagy növényágyás közelében használható.","Szolár kerti lámpa"
"20260915_101614-009", "Napelemes lánghatású fáklya","Lobogó lángot idéző fénye dekoratív hangulatot teremt nyílt láng használata nélkül. Leszúrható kivitele miatt könnyen elhelyezhető a kertben.","Szolár fáklya"
"20260915_101614-010", "Napelemes virágmintás dekorlámpa","Virágos díszítésű szolárlámpa kertek és teraszok esti hangulatvilágításához. Kábelezés nélkül telepíthető napos helyre.","Szolár dekorlámpa"
"20260915_101614-011", "Leszúrható napelemes kerti lámpa","Kerti utak, ágyások és bejárók jelzőfényeként használható. A leszúrható szár gyors, vezeték nélküli elhelyezést tesz lehetővé.","Szolár kerti lámpa"
"20260915_101614-012", "Napelemes fali lámpa","Falra szerelhető, napenergiával működő kültéri lámpa bejáratok és melléképületek környékére. Hálózati bekötés nélkül biztosít tájékozódó fényt.","Szolár fali lámpa"
"20260915_101614-013", "Commel E27 LED izzó 15,2 W","Nagy fényerejű, hagyományos E27 foglalatba csavarható LED fényforrás. Általános beltéri világításhoz és nagyobb fényigényű helyiségekhez ajánlható.","E27 LED izzó"
"20260915_101614-014", "Commel E27 LED izzó 12,5 W","Energiatakarékos LED fényforrás szabványos E27 foglalathoz. Jó választás mennyezeti, függesztett és állólámpákba.","E27 LED izzó"
"20260915_101614-015", "Commel E27 LED izzó 10,5 W","Közepes-nagy fényerejű LED izzó mindennapi otthoni világításhoz. A szabványos E27 foglalatba egyszerűen behelyezhető.","E27 LED izzó"
"20260915_101614-016", "Commel E27 LED izzó 7,5 W","Általános célú, alacsony fogyasztású LED fényforrás. Szobák, előterek és kisebb helyiségek lámpatesteiben használható.","E27 LED izzó"
"20260915_101614-017", "Commel LED izzó 5,1 W","Kisebb teljesítményű LED fényforrás hangulat- vagy kiegészítő világításhoz. Olyan lámpatestekhez praktikus, ahol mérsékeltebb fényerő szükséges.","LED izzó"
"20260915_101614-018", "Commel LED izzó 4 W","Kompakt, energiatakarékos fényforrás kisebb lámpatestekhez. Dekorációs és tájékozódó világításhoz is használható.","LED izzó"
"20260915_101614-019", "Commel mini gömb LED izzó","Kis méretű, gömb formájú LED fényforrás dekoratív lámpákhoz és kisebb burákhoz. Kompakt kialakítása szűkebb lámpatestekben is előnyös.","Mini gömb LED izzó"
"20260915_101614-020", "Commel gyertya alakú LED izzó","Karcsú, gyertya formájú LED izzó csillárokhoz, falikarokhoz és dekoratív lámpákhoz. Klasszikus megjelenést kínál korszerű, takarékos technológiával.","LED gyertyaizzó"
"20260915_101614-021", "Commel reflektor LED izzó","Irányított fényt adó LED fényforrás spot- és kiemelő világításhoz. Polcok, munkafelületek vagy kisebb területek célzott megvilágítására alkalmas.","LED reflektorizzó"
"20260915_101614-022", "Commel GU5.3 LED spotizzó","Kéttüskés GU5.3 foglalathoz készült, irányított fényű LED spot. Mennyezeti és bútorvilágító lámpatestekben használható.","GU5.3 LED spotizzó"
"20260915_101614-023", "E14 28 W halogén gyertyaizzó","Átlátszó, gyertya formájú halogén fényforrás kis menetes E14 foglalathoz. Csillárokban és dekoratív lámpákban használható.","Halogén gyertyaizzó"
"20260915_101614-024", "G9 halogén kapszulaizzó","Kompakt, tüskés csatlakozású halogén fényforrás kisebb lámpatestekhez. Erős, közvetlen fényt ad kis méret mellett.","G9 halogén izzó"
"20260915_101614-025", "E14 LED gyertyaizzó 5 W","Keskeny, gyertya formájú LED fényforrás kis menetes foglalathoz. Csillárokhoz és kisebb búrájú lámpákhoz alkalmas.","E14 LED gyertyaizzó"
"20260915_101614-026", "XQ-lite E27 LED izzó","Szabványos nagy menetes foglalathoz készült LED fényforrás. Általános lakásvilágításhoz használható alacsony energiafogyasztással.","E27 LED izzó"
"20260915_101614-027", "XQ-lite E14 LED izzó","Kis menetes foglalathoz használható kompakt LED fényforrás. Éjjeli lámpákhoz, falikarokhoz és kisebb lámpatestekhez praktikus.","E14 LED izzó"
"20260915_101614-028", "XQ-lite LED gyertyaizzó","Dekoratív gyertya formájú LED fényforrás csillárokhoz és falikarokhoz. Keskeny kialakítása kisebb burákban is jól használható.","LED gyertyaizzó"
"20260915_101614-029", "XQ-lite LED spotizzó","Irányított fényt biztosító kompakt LED fényforrás spotlámpákhoz. Kiemelő és munkafelület-világításhoz is alkalmazható.","LED spotizzó"
"20260915_101614-030", "Felületre szerelhető egypólusú kapcsoló","Falra szerelhető villanykapcsoló olyan helyekre, ahol a vezeték és a szerelvény nincs a falba süllyesztve. Egy világítási kör egyszerű vezérlésére használható.","Villanykapcsoló"
"20260915_101614-031", "Felületre szerelhető dupla kapcsoló","Két külön világítási kör vezérlésére alkalmas falon kívüli kapcsoló. Műhelyben, pincében és melléképületben is praktikus megoldás lehet.","Dupla villanykapcsoló"
"20260915_101614-032", "Felületre szerelhető földelt dugalj","Falra szerelhető hálózati csatlakozóaljzat földelt készülékekhez. Olyan helyeken használható, ahol falon kívüli szerelés szükséges.","Földelt dugalj"
"20260915_101614-033", "Felületre szerelhető dupla dugalj","Két készülék csatlakoztatását lehetővé tevő falon kívüli aljzat. Praktikus megoldás műhelyekben, tárolókban és mellékhelyiségekben.","Dupla dugalj"
"20260915_101614-034", "Kombinált kapcsoló és dugalj","Egy készülékházban egyesíti a világításkapcsolót és a hálózati aljzatot. Helytakarékos választás kisebb kiszolgálóhelyiségekbe.","Kombinált villanyszerelvény"
"20260915_101614-035", "Süllyesztett egypólusú kapcsolóbetét","Falba süllyesztett szerelvénydobozba építhető kapcsolómechanizmus. Egy világítási kör kézi kapcsolására szolgál.","Kapcsolóbetét"
"20260915_101614-036", "Süllyesztett dupla kapcsolóbetét","Két külön világítási kör működtetésére alkalmas süllyesztett kapcsolómechanizmus. A megfelelő szerelvénykerettel és fedlappal építhető be.","Dupla kapcsolóbetét"
"20260915_101614-037", "Süllyesztett földelt dugaljbetét","Falba süllyesztett kivitelű hálózati csatlakozóaljzat védőérintkezővel. Lakások és irodák szabványos villanyszerelvénye.","Dugaljbetét"
"20260915_101614-038", "Redőnykapcsoló","Motoros redőny fel- és lemozgatásának vezérlésére szolgáló kapcsoló. A két irány külön kezelhető a szerelvényről.","Redőnyvezérlő kapcsoló"
"20260915_101614-039", "Nyomógombos csengőkapcsoló","Pillanatnyi érintkezésű nyomógomb csengő vagy más rövid vezérlőjel működtetéséhez. Elengedés után automatikusan visszaáll alaphelyzetbe.","Nyomógombos kapcsoló"
"20260915_101614-040", "Forgógombos fényerő-szabályozó","A kompatibilis fényforrások fényerejének fokozatmentes beállítására szolgáló szerelvény. A forgógombbal a kívánt fényerő kényelmesen szabályozható.","Fényerő-szabályozó"
"20260915_101614-041", "Egyes szerelvénykeret","Egy kapcsoló- vagy dugaljbetét esztétikus körbefogására szolgáló keret. A kiválasztott szerelvénycsalád elemeivel használható.","Szerelvénykeret"
"20260915_101614-042", "Kettes szerelvénykeret","Két egymás mellé épített kapcsoló vagy dugalj közös kerete. Egységes, rendezett megjelenést ad a szerelvényeknek.","Szerelvénykeret"
"20260915_101614-043", "Hármas szerelvénykeret","Három süllyesztett szerelvény egységes sorolására szolgáló keret. Vízszintes vagy a típustól függően függőleges elrendezéshez használható.","Szerelvénykeret"
"20260915_101614-044", "Villanyszerelvény vakfedél","Használaton kívüli szerelvényhely vagy kötődoboz kulturált lezárására alkalmas fedél. Segít eltakarni és védeni a mögötte lévő részt.","Vakfedél"
"20260915_101614-045", "Négyzetes kötődoboz","Vezetékek elágazásainak és kötéseinek rendezett elhelyezésére szolgáló műanyag doboz. A fedél védi a csatlakozásokat a közvetlen érintéstől.","Kötődoboz"
"20260915_101614-046", "Kerek kötődoboz","Elektromos vezetékek kötési pontjainak elhelyezésére használható kerek szerelvénydoboz. Falon kívüli vagy süllyesztett kivitelben alkalmazható.","Kötődoboz"
"20260915_101614-047", "Dugaszolható LED éjszakai fény","Közvetlenül a fali aljzatba csatlakoztatható kis fogyasztású tájékozódó fény. Folyosón, gyerekszobában vagy hálóban lehet hasznos.","Éjszakai fény"
"20260915_101614-048", "Mozgásérzékelős éjszakai fény","Mozgás észlelésekor automatikusan felkapcsolódó tájékozódó lámpa. Sötét közlekedőkben, lépcsőknél és előszobákban segíti a biztonságos mozgást.","Mozgásérzékelős lámpa"
"20260915_101614-049", "Fali mozgásérzékelő","A közelben történő mozgás alapján kapcsolhat világítást vagy más fogyasztót. Bejáratok, közlekedők és udvari lámpák automatizálására használható.","Mozgásérzékelő"
"20260915_101614-050", "Mennyezeti mozgásérzékelő","Mennyezetre szerelhető érzékelő automatikus világításvezérléshez. Nagyobb belátási területe miatt közlekedőkben és helyiségekben is praktikus.","Mozgásérzékelő"
"20260915_101614-051", "Energiatakarékos kapcsolóaljzat","A csatlakoztatott készülék áramellátásának egyszerű megszakítására használható adapter. Segíthet csökkenteni a készenléti fogyasztást.","Kapcsolható aljzatadapter"
"20260915_101614-052", "Fehér földelt dugvilla","Hálózati vezeték végére szerelhető védőérintkezős csatlakozódugó. Háztartási készülékek és hosszabbítók javításához vagy elkészítéséhez használható.","Dugvilla"
"20260915_101614-053", "Fekete földelt dugvilla","Földelt elektromos csatlakozódugó fekete kivitelben. Kábelek, gépek és hosszabbítók szereléséhez alkalmas.","Dugvilla"
"20260915_101614-054", "Fehér lengő dugalj","Vezeték végére szerelhető hordozható csatlakozóaljzat. Egyedi hosszabbító vagy javított hálózati kábel kialakításához használható.","Lengő dugalj"
"20260915_101614-055", "Fekete lengő dugalj","Kábelvégre szerelhető fekete csatlakozóaljzat. Műhely- és háztartási hosszabbítókhoz egyaránt használható.","Lengő dugalj"
"20260915_101614-056", "Fehér E27 műanyag lámpafoglalat","Nagy menetes E27 fényforrások fogadására szolgáló műanyag foglalat. Lámpák javításához vagy egyedi világítás kialakításához használható.","E27 lámpafoglalat"
"20260915_101614-057", "Fekete E27 műanyag lámpafoglalat","E27-es izzókhoz való fekete műanyag foglalat. Függesztékekhez, műhelylámpákhoz és javítási munkákhoz praktikus.","E27 lámpafoglalat"
"20260915_101614-058", "Fehér E14 műanyag lámpafoglalat","Kis menetes E14 fényforrásokhoz használható kompakt foglalat. Kisebb asztali, fali és dekorlámpák szereléséhez alkalmas.","E14 lámpafoglalat"
"20260915_101614-059", "Kerámia lámpafoglalat","Hőálló kerámiából készült foglalat olyan lámpatestekhez, ahol magasabb hőterhelés fordulhat elő. A megfelelő foglalattípusú fényforrással használható.","Kerámia lámpafoglalat"
"20260915_101614-060", "Fehér zsinórkapcsoló","Lámpakábelbe iktatható kézi kapcsoló fehér kivitelben. Asztali és állólámpák egyszerű ki- és bekapcsolására szolgál.","Zsinórkapcsoló"
"20260915_101614-061", "Fekete zsinórkapcsoló","Fekete színű, lámpavezetékbe szerelhető kapcsoló. Javításhoz vagy egyedi lámpakábel összeállításához használható.","Zsinórkapcsoló"
"20260915_101614-062", "Csavaros sorkapocs","Vezetékek oldható, csavaros összekötésére szolgáló villanyszerelési segédanyag. A sor igény szerint rövidebb egységekre vágható.","Vezeték-összekötő"
"20260915_101614-063", "Karos gyorscsatlakozó","Több elektromos vezeték gyors és rendezett összekapcsolására alkalmas karos csatlakozó. Szereléskor a kötés könnyen nyitható és ellenőrizhető.","Gyorscsatlakozó"
"20260915_101614-064", "Szigetelt kábelsaru","Vezetékvégek biztonságos és rendezett csatlakoztatásához használható krimpelhető saru. A szigetelés csökkenti a véletlen érintkezés kockázatát.","Kábelsaru"
"20260915_101614-065", "Érvéghüvely készlet","Sodrott vezetékek végének megerősítésére szolgáló, krimpelhető hüvelyek. Segítségükkel rendezettebb és megbízhatóbb csavaros bekötés készíthető.","Érvéghüvely"
"20260915_101614-066", "Műanyag kábelkötegelő","Vezetékek és kisebb tárgyak gyors összefogására használható önzáró pánt. Villanyszerelésnél, műhelyben és háztartásban is praktikus.","Kábelrögzítő"
"20260915_101614-067", "PVC villanyszerelő szalag","Elektromos vezetékek szigeteléséhez, jelöléséhez és ideiglenes rögzítéséhez használható rugalmas szalag. Szerelési és javítási munkák alapvető kelléke.","Szigetelőszalag"
"20260915_101614-068", "Szöges kábelrögzítő bilincs","Kábelek falon, fa felületen vagy szegély mellett történő rögzítésére szolgáló apró bilincs. Segít rendezetten vezetni a vezetéket.","Kábelrögzítő"
"20260915_101614-069", "Koaxiális antenna csatlakozó","Televíziós vagy rádiós koaxiális kábel csatlakoztatásához használható szerelvény. Antennakábelek javításához és kiépítéséhez alkalmas.","Antenna csatlakozó"
"20260915_101614-070", "F típusú koaxiális csatlakozó","Menetes csatlakozó koaxiális kábelekhez, például műholdas vagy kábeltelevíziós rendszerekben. A megfelelő kábelmérethez választva stabil kapcsolatot ad.","Koaxiális csatlakozó"
"20260915_101614-071", "Műanyag kábelátvezető","Kábelek dobozba vagy készülékházba történő rendezett bevezetésére szolgáló szerelvény. Védi a vezetéket a nyílás peremétől.","Kábelátvezető"
"20260915_101614-072", "Háromaljzatos kapcsolós elosztó","Három hálózati készülék csatlakoztatására alkalmas fehér elosztó közös főkapcsolóval. Otthoni és irodai használatra praktikus.","Hálózati elosztó"
"20260915_101614-073", "Ötaljzatos kapcsolós elosztó","Több elektromos készülék egyidejű csatlakoztatását biztosító elosztó. A világító főkapcsolóval az összes aljzat egyszerre áramtalanítható.","Hálózati elosztó"
"20260915_101614-074", "Fehér hálózati hosszabbító","Feltekert, fehér kábelű hosszabbító a csatlakozási távolság megnöveléséhez. Háztartási és irodai készülékekhez használható a névleges terhelés betartásával.","Hosszabbító kábel"
"20260915_101614-075", "Fekete hálózati hosszabbító","Fekete kábelű hosszabbító elektromos készülékek távolabbi aljzatról történő működtetéséhez. Műhelyben és háztartásban is használható.","Hosszabbító kábel"
"20260915_101614-076", "Fekete kábeldob","Hosszabbító kábel rendezett tárolását és gyors le- vagy felcsévélését segítő dob. Nagyobb távolságok áthidalásánál praktikus.","Kábeldob"
"20260915_101614-077", "Sárga-fekete kábeldob","Jól látható színű, felcsévélhető hosszabbító kültéri vagy műhelymunkákhoz. Használat előtt a terhelésnek megfelelően célszerű letekerni.","Kábeldob"
"20260915_101614-078", "Agro-Largo Happy Kids Selymes fűmagkeverék 1 kg","Finom szálú, selymes tapintású gyep kialakításához összeállított fűmagkeverék. Egy kilogramm körülbelül 30–35 négyzetméter bevetésére elegendő.","Fűmagkeverék"
"20260915_101614-079", "Agro-Largo Gyors Kelés fűmagkeverék 1 kg","Gyors kezdeti fejlődésre összeállított fűmagkeverék új gyep telepítéséhez vagy ritkult területek felülvetéséhez. A doboz jelölése szerint 1 kg körülbelül 35 négyzetméterre elegendő.","Fűmagkeverék"
